用户ID,用户姓名,商品ID,商品名称,商品类别,单价,购买时间,购买数量,消费金额,用户城市,用户性别,用户年龄,平台,年份,月份,日期,小时
U7559,施光善,P32724,香水,美妆,809.99,2024-08-15 13:24:49,2,1619.98,成都,女,28,拼多多,2024,8,15,13
U5784,华军盛,P38500,篮球,运动,436.85,2024-07-08 22:34:38,1,436.85,深圳,男,31,拼多多,2024,7,8,22
U3309,唐子,P72120,芭比娃娃,玩具,649.23,2024-09-03 12:14:14,1,649.23,北京,男,51,拼多多,2024,9,3,12
U2872,闵功,P68477,毛绒玩具,玩具,674.04,2024-03-11 09:12:45,4,2696.16,深圳,女,31,拼多多,2024,3,11,9
U3141,谢乐平,P14776,笔记本电脑,电子产品,3759.34,2024-08-22 06:16:49,4,15037.36,西安,男,33,拼多多,2024,8,22,6
U6990,邹裕轮,P51529,沙发,家居,435.19,2024-02-21 22:52:35,1,435.19,杭州,男,38,拼多多,2024,2,21,22
U7029,郑栋泽,P67192,芭比娃娃,玩具,601.6,2024-04-08 10:00:02,1,601.6,南京,男,42,拼多多,2024,4,8,10
U5032,娄功若,P92875,羽毛球拍,运动,212.47,2024-03-14 15:09:13,2,424.94,广州,女,27,拼多多,2024,3,14,15
U6907,吕友明,P79498,心理学,书籍,620.9,2024-12-02 04:32:57,5,3104.5,苏州,男,37,拼多多,2024,12,2,4
U1644,魏江安,P76747,羽绒服,服装,29.02,2024-10-16 04:26:43,5,145.1,广州,女,64,拼多多,2024,10,16,4
U5187,丁启言,P77507,拼图,玩具,663.72,2024-09-11 06:05:29,4,2654.88,杭州,女,29,拼多多,2024,9,11,6
U6084,尤哲军,P51928,羽绒服,服装,307.26,2024-07-14 18:32:45,1,307.26,天津,女,29,拼多多,2024,7,14,18
U7871,田新,P82185,夹克,服装,154.71,2024-08-05 01:03:55,5,773.55,广州,女,31,拼多多,2024,8,5,1
U1450,殷若时,P98440,蓝牙耳机,电子产品,473.42,2024-11-04 08:39:24,2,946.84,南京,女,22,拼多多,2024,11,4,8
U7854,庞功泽,P30866,蓝牙耳机,电子产品,3310.72,2024-11-20 14:21:11,2,6621.44,武汉,女,23,拼多多,2024,11,20,14
U1323,娄会朗,P80674,沙发,家居,315.46,2024-04-04 12:38:07,4,1261.84,北京,女,58,拼多多,2024,4,4,12
U6099,项良伟,P52961,哑铃,运动,613.97,2024-11-11 10:07:42,3,1841.91,武汉,男,45,拼多多,2024,11,11,10
U4139,马建,P87415,化妆刷套装,美妆,131.87,2024-11-14 08:17:43,2,263.74,苏州,男,49,拼多多,2024,11,14,8
U1297,娄裕胜,P58336,笔记本电脑,电子产品,4906.53,2024-08-26 19:40:13,5,24532.65,深圳,女,53,拼多多,2024,8,26,19
U1360,邱承飞,P20119,乐高积木,玩具,222.46,2024-03-16 05:40:35,3,667.38,北京,女,54,拼多多,2024,3,16,5
U8658,柳星,P96121,平板电脑,电子产品,8385.65,2024-05-25 14:47:13,5,41928.25,广州,男,21,拼多多,2024,5,25,14
U1527,张生涛,P10703,蓝牙耳机,电子产品,4288.39,2024-10-09 08:15:42,5,21441.95,南京,男,35,拼多多,2024,10,9,8
U3403,俞厚生,P35814,漫画,书籍,413.58,2024-10-01 16:23:03,5,2067.9,苏州,男,19,拼多多,2024,10,1,16
U1697,蔡利,P57154,跑步鞋,运动,381.46,2024-11-11 23:17:46,5,1907.3,重庆,男,46,拼多多,2024,11,11,23
U2771,柯士武,P63928,跳绳,运动,61.85,2024-05-05 19:18:58,3,185.55,南京,男,44,拼多多,2024,5,5,19
U1650,伍明博,P87013,化妆刷套装,美妆,788.37,2024-11-14 07:42:12,5,3941.85,南京,男,45,拼多多,2024,11,14,7
U4095,麻琛启,P63695,羽毛球拍,运动,607.53,2024-07-12 11:09:55,1,607.53,上海,男,43,拼多多,2024,7,12,11
U6462,蓝思健,P79124,科幻小说,书籍,592.34,2024-07-18 11:49:52,5,2961.7,天津,男,24,拼多多,2024,7,18,11
U4638,单顺子,P69987,智能手表,电子产品,1828.43,2024-02-27 06:12:55,1,1828.43,广州,男,21,拼多多,2024,2,27,6
U5049,柳泽,P25249,运动鞋,服装,419.58,2024-03-04 02:03:06,5,2097.9,北京,男,43,拼多多,2024,3,4,2
U9391,管志福,P37437,收纳盒,家居,2902.7,2024-05-17 05:17:39,5,14513.5,成都,男,30,拼多多,2024,5,17,5
U8688,周树承,P91372,乐高积木,玩具,496.12,2024-12-13 18:09:43,4,1984.48,西安,男,40,拼多多,2024,12,13,18
U9371,傅山松,P48759,笔记本电脑,电子产品,7697.38,2024-11-24 17:04:44,1,7697.38,成都,女,18,拼多多,2024,11,24,17
U7787,元健,P84639,技术教材,书籍,519.21,2024-12-17 10:01:07,3,1557.63,广州,男,39,拼多多,2024,12,17,10
U3370,戚才,P52794,化妆刷套装,美妆,332.53,2024-02-16 12:47:10,2,665.06,广州,男,19,拼多多,2024,2,16,12
U1669,孙家峰,P13189,办公椅,家居,1549.68,2024-05-12 17:46:34,5,7748.4,深圳,女,58,拼多多,2024,5,12,17
U2449,包民宏,P29873,面霜,美妆,179.44,2024-07-14 08:32:12,4,717.76,杭州,女,56,拼多多,2024,7,14,8
U4066,干轮琛,P59066,漫画,书籍,634.81,2024-05-21 16:49:28,1,634.81,广州,男,19,拼多多,2024,5,21,16
U3749,酆以,P36785,技术教材,书籍,533.42,2024-03-28 11:15:59,3,1600.26,南京,女,22,拼多多,2024,3,28,11
U3925,殷裕思,P13701,技术教材,书籍,454.15,2024-08-30 20:50:19,3,1362.45,天津,女,51,拼多多,2024,8,30,20
U5919,许旭辰,P99338,面霜,美妆,574.66,2024-11-15 03:51:50,2,1149.32,杭州,男,63,拼多多,2024,11,15,3
U2355,杨林利,P24767,跑步鞋,运动,341.82,2024-09-20 02:04:01,4,1367.28,成都,女,18,拼多多,2024,9,20,2
U5654,方敬榕,P55010,跳绳,运动,250.09,2024-02-13 06:41:54,5,1250.45,杭州,男,57,拼多多,2024,2,13,6
U1754,虞裕林,P27556,山地车,运动,18.18,2024-07-05 04:44:04,5,90.9,天津,女,58,拼多多,2024,7,5,4
U6349,孔功翔,P10307,漫画,书籍,113.42,2024-11-12 10:53:58,1,113.42,成都,男,49,拼多多,2024,11,12,10
U9406,范致和,P62953,时尚杂志,书籍,99.26,2024-03-01 14:36:50,5,496.3,南京,女,25,拼多多,2024,3,1,14
U9730,宗冠善,P86383,口红,美妆,344.08,2024-07-07 07:33:28,4,1376.32,南京,男,62,拼多多,2024,7,7,7
U7913,柳有子,P13906,香水,美妆,361.12,2024-06-25 23:00:35,1,361.12,广州,男,24,拼多多,2024,6,25,23
U8936,花波泰,P19029,羽毛球拍,运动,814.68,2024-07-28 23:34:30,5,4073.4,武汉,女,18,拼多多,2024,7,28,23
U8522,傅启,P58251,羽毛球拍,运动,649.16,2024-02-07 04:58:04,2,1298.32,南京,男,65,拼多多,2024,2,7,4
U8345,贾松,P15127,拼图,玩具,418.04,2024-01-22 12:20:11,5,2090.2,重庆,女,39,拼多多,2024,1,22,12
U5858,吴思山,P93137,科幻小说,书籍,822.77,2024-08-30 04:30:17,5,4113.85,成都,男,59,拼多多,2024,8,30,4
U5511,朱裕风,P83241,收纳盒,家居,694.6,2024-11-02 02:57:37,1,694.6,广州,女,33,拼多多,2024,11,2,2
U6456,贝邦,P35430,技术教材,书籍,172.5,2024-01-21 10:11:53,2,345.0,苏州,男,57,拼多多,2024,1,21,10
U3397,贲谦斌,P36820,科幻小说,书籍,416.97,2024-08-26 04:09:56,3,1250.91,西安,女,30,拼多多,2024,8,26,4
U1360,陶彬武,P88814,运动鞋,服装,462.38,2024-11-30 21:45:13,4,1849.52,天津,女,22,拼多多,2024,11,30,21
U3493,贺坚,P82004,羽毛球拍,运动,620.81,2024-05-15 02:20:41,3,1862.43,上海,女,42,拼多多,2024,5,15,2
U3664,阮晨博,P19867,防晒霜,美妆,343.44,2024-09-05 15:15:05,2,686.88,成都,男,26,拼多多,2024,9,5,15
U5605,樊涛胜,P85552,笔记本电脑,电子产品,5410.22,2024-10-12 16:48:53,2,10820.44,北京,男,31,拼多多,2024,10,12,16
U5709,奚亮,P37275,笔记本电脑,电子产品,2852.4,2024-02-14 09:53:54,4,11409.6,深圳,男,27,拼多多,2024,2,14,9
U4367,臧心泰,P94019,羽毛球拍,运动,631.06,2024-08-18 19:23:11,5,3155.3,天津,女,18,拼多多,2024,8,18,19
U7433,席承,P50657,乐高积木,玩具,829.75,2024-11-16 00:46:52,1,829.75,深圳,男,23,拼多多,2024,11,16,0
U6036,臧致良,P10902,篮球,运动,512.75,2024-12-18 00:15:01,5,2563.75,苏州,男,55,拼多多,2024,12,18,0
U9882,袁雄,P55876,化妆刷套装,美妆,774.67,2024-09-06 23:56:40,2,1549.34,深圳,男,46,拼多多,2024,9,6,23
U4569,贺风,P49309,智能手表,电子产品,6637.98,2024-01-10 06:36:58,5,33189.9,北京,男,20,拼多多,2024,1,10,6
U5722,酆义,P93974,羽绒服,服装,406.5,2024-05-19 23:07:24,5,2032.5,广州,男,26,拼多多,2024,5,19,23
U2092,花福和,P29505,人物传记,书籍,709.42,2024-03-02 02:14:53,3,2128.26,上海,男,30,拼多多,2024,3,2,2
U5570,奚翰朋,P68787,充电宝,电子产品,3009.28,2024-09-25 13:38:50,3,9027.84,天津,女,55,拼多多,2024,9,25,13
U8723,江志,P98287,沙发,家居,1259.58,2024-04-10 07:32:29,1,1259.58,武汉,男,41,拼多多,2024,4,10,7
U1051,计信中,P94291,科幻小说,书籍,368.64,2024-05-03 16:53:22,2,737.28,重庆,女,54,拼多多,2024,5,3,16
U3736,虞致文,P16650,人物传记,书籍,104.44,2024-02-03 14:44:36,2,208.88,北京,女,22,拼多多,2024,2,3,14
U5712,郝成栋,P25647,芭比娃娃,玩具,17.28,2024-09-29 11:40:25,1,17.28,成都,男,59,拼多多,2024,9,29,11
U7206,沈启义,P57850,跑步鞋,运动,186.15,2024-04-03 14:04:45,4,744.6,西安,女,25,拼多多,2024,4,3,14
U5966,元龙祥,P65400,芭比娃娃,玩具,197.57,2024-11-07 03:13:53,5,987.85,上海,女,52,拼多多,2024,11,7,3
U7799,滕炎,P32398,时尚杂志,书籍,35.41,2024-12-10 05:53:52,1,35.41,武汉,男,44,拼多多,2024,12,10,5
U9575,云时晨,P57544,山地车,运动,557.75,2024-05-10 04:19:40,5,2788.75,深圳,男,21,拼多多,2024,5,10,4
U8320,单炎光,P40619,显示器,电子产品,6218.49,2024-09-08 16:51:30,1,6218.49,深圳,男,64,拼多多,2024,9,8,16
U1309,章固文,P60768,沙发,家居,2298.0,2024-06-21 12:32:15,4,9192.0,西安,女,42,拼多多,2024,6,21,12
U1588,于建良,P97503,羽毛球拍,运动,83.0,2024-03-02 15:10:26,5,415.0,广州,女,41,拼多多,2024,3,2,15
U5256,夏致伦,P66131,哑铃,运动,329.71,2024-05-26 00:27:43,5,1648.55,武汉,女,61,拼多多,2024,5,26,0
U1995,韩盛宏,P26817,卫衣,服装,299.35,2024-07-14 22:51:50,2,598.7,深圳,男,20,拼多多,2024,7,14,22
U8886,裘朋,P69641,智能手机,电子产品,4875.41,2024-01-15 08:16:37,5,24377.05,重庆,男,41,拼多多,2024,1,15,8
U2918,傅旭奇,P85540,跑步鞋,运动,747.4,2024-10-10 23:32:09,5,3737.0,深圳,男,25,拼多多,2024,10,10,23
U5172,酆清昌,P20575,沙发,家居,3442.34,2024-04-24 23:27:40,5,17211.7,成都,女,48,拼多多,2024,4,24,23
U1755,苗先,P43540,羽毛球拍,运动,706.12,2024-10-01 05:42:07,1,706.12,武汉,男,20,拼多多,2024,10,1,5
U4519,周河腾,P25630,办公椅,家居,4025.05,2024-09-28 03:32:45,3,12075.15,重庆,女,62,拼多多,2024,9,28,3
U1028,薛才以,P25237,遥控车,玩具,588.06,2024-08-22 10:24:16,4,2352.24,广州,女,31,拼多多,2024,8,22,10
U9191,俞彬豪,P77622,收纳盒,家居,2507.95,2024-12-11 17:14:15,3,7523.85,苏州,男,49,拼多多,2024,12,11,17
U5127,谢广广,P99114,跑步鞋,运动,667.5,2024-04-23 20:54:19,1,667.5,武汉,男,26,拼多多,2024,4,23,20
U6076,杭岩,P57272,历史书籍,书籍,591.2,2024-04-04 15:08:28,2,1182.4,苏州,女,32,拼多多,2024,4,4,15
U9990,乐鸣,P93975,香水,美妆,320.72,2024-03-27 03:34:42,3,962.16,苏州,男,60,拼多多,2024,3,27,3
U6078,俞晨民,P78351,牛仔裤,服装,287.7,2024-07-18 04:44:28,4,1150.8,西安,女,50,拼多多,2024,7,18,4
U5293,和杰,P54301,科幻小说,书籍,549.59,2024-06-13 18:20:21,3,1648.77,重庆,男,36,拼多多,2024,6,13,18
U3545,茅启鹏,P11458,办公椅,家居,4027.28,2024-01-22 17:43:25,4,16109.12,西安,女,50,拼多多,2024,1,22,17
U6482,贲裕勇,P82168,山地车,运动,501.7,2024-04-19 12:12:34,1,501.7,南京,男,22,拼多多,2024,4,19,12
U9393,刁致岩,P10516,智能手表,电子产品,6505.83,2024-06-29 14:58:15,3,19517.49,广州,男,18,拼多多,2024,6,29,14
U4736,蒋江泰,P61237,粉底液,美妆,331.56,2024-10-12 04:30:56,4,1326.24,广州,女,47,拼多多,2024,10,12,4
U4835,史利天,P61560,办公椅,家居,1250.12,2024-05-16 20:10:40,5,6250.6,广州,女,37,拼多多,2024,5,16,20
U1244,纪航子,P99020,漫画,书籍,781.15,2024-03-02 13:50:28,5,3905.75,深圳,男,62,拼多多,2024,3,2,13
U6634,施刚世,P49287,充电宝,电子产品,7993.39,2024-05-19 01:28:01,3,23980.17,北京,女,49,拼多多,2024,5,19,1
U2731,梅友军,P37908,口红,美妆,798.88,2024-08-04 22:51:32,5,3994.4,上海,女,39,拼多多,2024,8,4,22
U9451,康波军,P99724,充电宝,电子产品,1748.59,2024-11-24 14:10:52,3,5245.77,武汉,男,29,拼多多,2024,11,24,14
U6860,滕义,P81053,香水,美妆,799.78,2024-02-23 10:43:43,2,1599.56,北京,女,33,拼多多,2024,2,23,10
U8146,钱斌中,P46889,卫衣,服装,547.6,2024-06-28 23:46:22,5,2738.0,深圳,男,18,拼多多,2024,6,28,23
U1637,汤家子,P84110,T恤,服装,682.61,2024-12-30 12:03:40,4,2730.44,杭州,女,23,拼多多,2024,12,30,12
U6439,成明进,P64942,技术教材,书籍,803.57,2024-04-19 20:23:54,5,4017.85,广州,女,51,拼多多,2024,4,19,20
U9110,云俊世,P67859,瑜伽垫,运动,721.45,2024-03-02 17:06:23,1,721.45,深圳,女,40,拼多多,2024,3,2,17
U5593,喻功栋,P50288,遥控车,玩具,194.19,2024-03-22 02:20:01,3,582.57,武汉,女,22,拼多多,2024,3,22,2
U8116,云行杰,P31356,瑜伽垫,运动,550.67,2024-12-08 00:49:27,2,1101.34,杭州,女,44,拼多多,2024,12,8,0
U5014,盛宏全,P78846,遥控车,玩具,676.41,2024-08-12 13:29:43,3,2029.23,南京,男,32,拼多多,2024,8,12,13
U5204,干彪,P33935,面霜,美妆,78.77,2024-01-10 08:16:37,1,78.77,上海,女,18,拼多多,2024,1,10,8
U7324,黄星飞,P27058,香水,美妆,50.75,2024-07-14 12:48:37,1,50.75,成都,女,61,拼多多,2024,7,14,12
U8312,施龙岩,P11362,连衣裙,服装,412.23,2024-05-04 12:32:50,4,1648.92,武汉,女,65,拼多多,2024,5,4,12
U7923,奚兴政,P37817,平板电脑,电子产品,5214.0,2024-02-09 17:26:01,3,15642.0,苏州,女,38,拼多多,2024,2,9,17
U7293,田敬鸣,P96145,桌游,玩具,315.96,2024-05-23 18:06:26,5,1579.8,广州,女,36,拼多多,2024,5,23,18
U5464,夏之,P47560,香水,美妆,797.2,2024-10-19 12:14:28,2,1594.4,苏州,女,56,拼多多,2024,10,19,12
U6627,应泽,P37833,篮球,运动,17.89,2024-05-23 14:09:12,5,89.45,武汉,男,61,拼多多,2024,5,23,14
U4530,常子固,P78029,蓝牙耳机,电子产品,2683.36,2024-01-28 03:05:04,1,2683.36,重庆,男,34,拼多多,2024,1,28,3
U2785,单元雄,P16614,科幻小说,书籍,778.26,2024-02-11 16:25:18,1,778.26,西安,女,61,拼多多,2024,2,11,16
U9049,严钧广,P94493,沙发,家居,371.22,2024-10-17 15:59:53,3,1113.66,西安,女,60,拼多多,2024,10,17,15
U2395,罗刚福,P21390,羽绒服,服装,92.34,2024-01-19 21:11:23,4,369.36,广州,女,57,拼多多,2024,1,19,21
U8901,鲍永江,P62597,运动鞋,服装,275.97,2024-09-23 12:36:50,4,1103.88,重庆,女,51,拼多多,2024,9,23,12
U8592,卢志,P78222,香水,美妆,254.91,2024-04-08 00:40:36,5,1274.55,杭州,女,43,拼多多,2024,4,8,0
U5545,戚弘宏,P63860,智能手表,电子产品,3324.56,2024-03-13 10:18:35,3,9973.68,武汉,男,50,拼多多,2024,3,13,10
U7649,赵武,P50222,防晒霜,美妆,428.33,2024-05-19 14:58:47,4,1713.32,杭州,女,21,拼多多,2024,5,19,14
U1811,应全超,P87449,平板电脑,电子产品,3385.79,2024-11-10 19:57:52,4,13543.16,天津,男,45,拼多多,2024,11,10,19
U3722,张生,P51204,沙发,家居,346.71,2024-05-23 03:23:02,1,346.71,杭州,男,55,拼多多,2024,5,23,3
U4763,宋利力,P79679,防晒霜,美妆,739.01,2024-11-12 18:50:29,4,2956.04,深圳,男,55,拼多多,2024,11,12,18
U9173,石盛力,P35442,牛仔裤,服装,34.02,2024-03-06 12:39:17,4,136.08,重庆,女,60,拼多多,2024,3,6,12
U3193,柏思朗,P77107,显示器,电子产品,1760.46,2024-03-25 07:56:55,4,7041.84,广州,女,47,拼多多,2024,3,25,7
U4917,湛浩,P22468,口红,美妆,839.38,2024-12-29 05:54:29,2,1678.76,上海,男,27,拼多多,2024,12,29,5
U7874,于轮亨,P34529,充电宝,电子产品,3941.78,2024-06-23 09:34:54,5,19708.9,苏州,女,23,拼多多,2024,6,23,9
U9958,虞富勇,P44698,变形金刚,玩具,88.25,2024-02-21 10:09:48,5,441.25,北京,男,24,拼多多,2024,2,21,10
U3355,严明龙,P72154,山地车,运动,800.49,2024-07-21 15:19:14,5,4002.45,武汉,男,58,拼多多,2024,7,21,15
U6981,薛德,P65962,毛绒玩具,玩具,394.78,2024-11-23 04:52:30,4,1579.12,苏州,女,30,拼多多,2024,11,23,4
U5798,华哲,P61735,拼图,玩具,585.01,2024-05-12 10:19:50,3,1755.03,南京,男,46,拼多多,2024,5,12,10
U4086,罗群以,P35206,漫画,书籍,486.3,2024-11-04 08:42:54,1,486.3,天津,女,22,拼多多,2024,11,4,8
U7857,宗天世,P19690,毛绒玩具,玩具,235.13,2024-10-05 19:46:06,2,470.26,天津,女,59,拼多多,2024,10,5,19
U7398,吕伦轮,P77588,羽绒服,服装,680.17,2024-02-26 18:05:36,3,2040.51,天津,男,64,拼多多,2024,2,26,18
U3426,高轮琛,P76899,变形金刚,玩具,517.5,2024-12-30 21:01:36,2,1035.0,苏州,女,26,拼多多,2024,12,30,21
U2406,娄达,P74261,餐桌,家居,705.94,2024-10-25 18:41:32,2,1411.88,武汉,男,19,拼多多,2024,10,25,18
U1680,昌绍亨,P17427,篮球,运动,645.37,2024-07-21 17:06:32,5,3226.85,天津,男,47,拼多多,2024,7,21,17
U3367,顾广清,P18105,抱枕,家居,2706.89,2024-05-20 09:03:21,5,13534.45,南京,女,47,拼多多,2024,5,20,9
U5816,徐俊,P38888,笔记本电脑,电子产品,2401.23,2024-07-26 14:04:53,3,7203.69,杭州,男,53,拼多多,2024,7,26,14
U2493,崔祥之,P77147,运动鞋,服装,386.25,2024-03-24 23:35:18,4,1545.0,重庆,男,44,拼多多,2024,3,24,23
U2274,禹山晨,P85828,连衣裙,服装,445.11,2024-02-02 00:37:09,2,890.22,天津,女,61,拼多多,2024,2,2,0
U1185,应泽彪,P36088,乐高积木,玩具,318.37,2024-03-04 06:20:26,2,636.74,广州,男,33,拼多多,2024,3,4,6
U9276,颜元进,P83909,香水,美妆,801.89,2024-12-28 09:05:37,2,1603.78,成都,女,51,拼多多,2024,12,28,9
U9258,陈星翰,P22919,羽毛球拍,运动,396.79,2024-01-25 22:28:40,5,1983.95,重庆,女,51,拼多多,2024,1,25,22
U7760,孙康信,P33830,蓝牙耳机,电子产品,3043.02,2024-02-13 14:17:28,3,9129.06,西安,男,20,拼多多,2024,2,13,14
U5625,熊群固,P23156,夹克,服装,760.22,2024-04-10 01:34:30,3,2280.66,西安,女,25,拼多多,2024,4,10,1
U8241,熊星乐,P35579,四件套,家居,2483.9,2024-02-12 14:37:06,3,7451.7,天津,男,26,拼多多,2024,2,12,14
U8422,包伯诚,P81072,羽毛球拍,运动,611.11,2024-01-18 03:47:52,4,2444.44,苏州,男,20,拼多多,2024,1,18,3
U9893,雷岩山,P92019,T恤,服装,383.4,2024-04-13 10:43:35,2,766.8,武汉,女,25,拼多多,2024,4,13,10
U7684,孟树会,P23496,防晒霜,美妆,452.93,2024-05-16 10:12:24,1,452.93,杭州,男,59,拼多多,2024,5,16,10
U9655,史以俊,P40902,拼图,玩具,471.18,2024-12-13 09:37:15,1,471.18,南京,女,18,拼多多,2024,12,13,9
U6154,卫发新,P54553,哑铃,运动,487.86,2024-08-28 10:19:03,1,487.86,杭州,男,56,拼多多,2024,8,28,10
U7087,贲浩士,P50717,粉底液,美妆,467.56,2024-08-14 08:04:48,2,935.12,苏州,男,49,拼多多,2024,8,14,8
U5564,王谦顺,P59870,四件套,家居,1840.13,2024-11-30 18:46:10,5,9200.65,北京,男,58,拼多多,2024,11,30,18
U7615,姜冠航,P54968,山地车,运动,158.54,2024-03-13 02:55:57,3,475.62,上海,男,64,拼多多,2024,3,13,2
U6177,苗磊,P45171,运动鞋,服装,217.73,2024-02-16 12:40:32,5,1088.65,天津,女,32,拼多多,2024,2,16,12
U2945,童博武,P88592,香水,美妆,358.1,2024-05-12 23:51:01,1,358.1,西安,男,57,拼多多,2024,5,12,23
U6898,骆家启,P89283,心理学,书籍,236.7,2024-08-16 22:36:27,1,236.7,苏州,男,51,拼多多,2024,8,16,22
U8853,康善,P24436,香水,美妆,55.62,2024-05-09 17:16:47,1,55.62,苏州,女,61,拼多多,2024,5,9,17
U3235,干宏茂,P59819,人物传记,书籍,601.1,2024-11-19 23:39:35,5,3005.5,西安,男,64,拼多多,2024,11,19,23
U4164,毛发克,P67399,四件套,家居,2962.45,2024-02-13 01:04:14,1,2962.45,上海,男,23,拼多多,2024,2,13,1
U1392,左晨,P74141,面霜,美妆,785.71,2024-06-21 10:39:37,4,3142.84,杭州,女,20,拼多多,2024,6,21,10
U3406,米全,P84190,粉底液,美妆,707.74,2024-12-07 12:52:01,1,707.74,天津,女,48,拼多多,2024,12,7,12
U7597,云力谦,P50146,夹克,服装,648.46,2024-10-21 02:02:48,1,648.46,杭州,男,56,拼多多,2024,10,21,2
U8930,雷国山,P64225,笔记本电脑,电子产品,3460.55,2024-10-03 19:37:24,3,10381.65,重庆,男,44,拼多多,2024,10,3,19
U7572,房河,P94130,运动鞋,服装,319.44,2024-01-18 04:07:19,1,319.44,上海,女,49,拼多多,2024,1,18,4
U5080,蓝茂河,P73673,蓝牙耳机,电子产品,6180.96,2024-07-11 23:08:25,3,18542.88,杭州,女,28,拼多多,2024,7,11,23
U8200,贝亨,P38763,时尚杂志,书籍,585.23,2024-03-07 05:08:29,3,1755.69,苏州,男,27,拼多多,2024,3,7,5
U1842,史永承,P21734,篮球,运动,210.79,2024-10-26 19:15:46,5,1053.95,杭州,男,22,拼多多,2024,10,26,19
U5416,廉行,P84946,夹克,服装,641.68,2024-02-20 23:35:42,5,3208.4,成都,女,51,拼多多,2024,2,20,23
U6880,郎若和,P40347,山地车,运动,93.36,2024-05-24 16:47:13,3,280.08,天津,女,38,拼多多,2024,5,24,16
U3719,房健政,P83407,显示器,电子产品,5978.59,2024-06-02 03:59:54,2,11957.18,南京,女,59,拼多多,2024,6,2,3
U8114,顾鸣力,P16512,面霜,美妆,610.29,2024-11-22 23:42:24,1,610.29,广州,女,20,拼多多,2024,11,22,23
U4762,杨行,P32266,充电宝,电子产品,6507.46,2024-03-08 02:54:27,3,19522.38,武汉,男,26,拼多多,2024,3,8,2
U9568,茅松,P81413,历史书籍,书籍,527.03,2024-12-24 06:10:47,4,2108.12,天津,男,62,拼多多,2024,12,24,6
U4530,宣梁勇,P49726,运动鞋,服装,448.04,2024-04-09 06:51:34,5,2240.2,深圳,女,63,拼多多,2024,4,9,6
U1826,史厚和,P41300,山地车,运动,611.68,2024-08-20 01:24:06,4,2446.72,西安,女,24,拼多多,2024,8,20,1
U9693,昝文安,P50734,毛绒玩具,玩具,595.42,2024-10-13 18:13:35,3,1786.26,深圳,女,30,拼多多,2024,10,13,18
U2153,陶固杰,P26755,香水,美妆,343.52,2024-10-29 18:44:32,5,1717.6,杭州,男,55,拼多多,2024,10,29,18
U9812,皮朗贵,P71835,拼图,玩具,234.19,2024-07-13 12:33:28,1,234.19,西安,男,60,拼多多,2024,7,13,12
U7778,席学林,P55289,口红,美妆,329.17,2024-05-15 15:59:54,1,329.17,杭州,女,39,拼多多,2024,5,15,15
U1838,郭伟,P94524,抱枕,家居,1664.92,2024-09-24 02:40:43,3,4994.76,苏州,女,23,拼多多,2024,9,24,2
U9450,单胜启,P88759,智能手机,电子产品,7232.24,2024-05-18 01:31:58,1,7232.24,西安,男,53,拼多多,2024,5,18,1
U4873,支天岩,P12207,人物传记,书籍,630.05,2024-03-22 01:40:25,3,1890.15,杭州,男,48,拼多多,2024,3,22,1
U7275,邹邦,P64306,粉底液,美妆,821.94,2024-05-17 02:35:22,3,2465.82,成都,男,60,拼多多,2024,5,17,2
U2673,包发福,P34243,桌游,玩具,182.06,2024-05-29 06:00:33,5,910.3,南京,男,63,拼多多,2024,5,29,6
U4938,贝先山,P29748,餐桌,家居,1242.67,2024-05-20 10:01:50,4,4970.68,上海,女,22,拼多多,2024,5,20,10
U4186,韩明,P91280,办公椅,家居,739.06,2024-01-09 16:43:55,4,2956.24,成都,男,54,拼多多,2024,1,9,16
U9981,路磊建,P35799,显示器,电子产品,5033.96,2024-05-03 14:58:04,4,20135.84,西安,女,65,拼多多,2024,5,3,14
U5906,毕栋,P51897,智能手机,电子产品,6163.09,2024-11-15 15:33:51,3,18489.27,武汉,男,42,拼多多,2024,11,15,15
U9898,湛兴磊,P20091,口红,美妆,235.15,2024-12-18 15:35:04,4,940.6,武汉,男,34,拼多多,2024,12,18,15
U8958,闵群才,P14920,篮球,运动,555.28,2024-02-04 18:27:15,3,1665.84,重庆,女,36,拼多多,2024,2,4,18
U6774,鲍壮平,P30223,桌游,玩具,825.48,2024-10-24 08:32:47,1,825.48,重庆,男,45,拼多多,2024,10,24,8
U5827,穆武伟,P87978,时尚杂志,书籍,409.48,2024-11-14 18:50:26,1,409.48,广州,女,63,拼多多,2024,11,14,18
U6808,湛炎先,P40455,蓝牙耳机,电子产品,5812.66,2024-01-24 12:43:47,1,5812.66,重庆,男,18,拼多多,2024,1,24,12
U2805,诸建志,P29607,办公椅,家居,4215.76,2024-07-14 15:35:39,2,8431.52,武汉,男,48,拼多多,2024,7,14,15
U5729,于进鸣,P63178,羽毛球拍,运动,702.92,2024-07-28 10:13:18,4,2811.68,苏州,女,42,拼多多,2024,7,28,10
U6298,曹振翰,P44048,历史书籍,书籍,597.6,2024-11-09 02:51:15,5,2988.0,西安,男,35,拼多多,2024,11,9,2
U5215,夏强震,P15465,运动鞋,服装,569.7,2024-07-27 22:30:28,1,569.7,重庆,女,54,拼多多,2024,7,27,22
U8408,霍亨超,P85681,牛仔裤,服装,844.7,2024-06-10 08:35:27,1,844.7,北京,男,64,拼多多,2024,6,10,8
U6626,房之贵,P86416,防晒霜,美妆,800.35,2024-12-29 21:51:05,1,800.35,广州,男,56,拼多多,2024,12,29,21
U2121,钮磊,P13177,芭比娃娃,玩具,27.58,2024-01-12 22:24:06,2,55.16,深圳,女,28,拼多多,2024,1,12,22
U4489,包福家,P57325,篮球,运动,131.16,2024-05-06 03:14:07,5,655.8,广州,女,57,拼多多,2024,5,6,3
U7095,穆国磊,P30225,拼图,玩具,639.49,2024-06-18 03:52:05,1,639.49,上海,女,29,拼多多,2024,6,18,3
U9964,傅进俊,P39737,桌游,玩具,725.92,2024-12-15 16:55:33,5,3629.6,深圳,男,49,拼多多,2024,12,15,16
U9178,贲兴顺,P18386,化妆刷套装,美妆,773.83,2024-12-19 14:12:57,2,1547.66,成都,女,59,拼多多,2024,12,19,14
U1083,朱健翰,P99184,羽毛球拍,运动,300.05,2024-07-10 22:00:30,1,300.05,苏州,女,63,拼多多,2024,7,10,22
U6760,盛琛江,P37974,蓝牙耳机,电子产品,4603.16,2024-04-22 18:40:00,2,9206.32,成都,女,49,拼多多,2024,4,22,18
U4661,杨建,P44213,科幻小说,书籍,91.15,2024-05-23 04:28:19,3,273.45,苏州,女,22,拼多多,2024,5,23,4
U9716,范清克,P30741,平板电脑,电子产品,5070.76,2024-02-23 16:54:01,3,15212.28,北京,女,60,拼多多,2024,2,23,16
U6011,干富,P75269,乐高积木,玩具,269.19,2024-12-30 13:46:35,2,538.38,广州,女,23,拼多多,2024,12,30,13
U3086,元会,P90250,漫画,书籍,70.61,2024-08-07 12:52:11,3,211.83,武汉,男,48,拼多多,2024,8,7,12
U2875,昝福进,P49168,T恤,服装,696.64,2024-06-30 07:55:57,2,1393.28,北京,女,18,拼多多,2024,6,30,7
U6488,袁生,P46605,餐桌,家居,1175.08,2024-09-08 05:28:29,4,4700.32,武汉,男,30,拼多多,2024,9,8,5
U7651,邱山泽,P58285,桌游,玩具,811.7,2024-09-27 07:58:10,5,4058.5,天津,男,45,拼多多,2024,9,27,7
U4492,柏维河,P19197,防晒霜,美妆,447.07,2024-04-01 11:05:18,3,1341.21,北京,男,22,拼多多,2024,4,1,11
U2353,干腾辉,P93003,智能手机,电子产品,6869.73,2024-02-24 17:09:12,5,34348.65,南京,女,57,拼多多,2024,2,24,17
U8020,戚发清,P49613,变形金刚,玩具,379.19,2024-02-05 09:41:59,3,1137.57,深圳,男,38,拼多多,2024,2,5,9
U1320,洪维梁,P47525,瑜伽垫,运动,842.68,2024-12-22 18:38:04,5,4213.4,武汉,男,61,拼多多,2024,12,22,18
U5359,危武,P96940,口红,美妆,426.85,2024-12-11 02:35:48,1,426.85,上海,男,21,拼多多,2024,12,11,2
U9808,曹有固,P80519,智能手机,电子产品,3939.27,2024-05-10 03:20:41,4,15757.08,北京,男,46,拼多多,2024,5,10,3
U9776,苏广信,P35730,卫衣,服装,301.81,2024-03-03 16:28:30,4,1207.24,北京,女,26,拼多多,2024,3,3,16
U2888,郭家,P62194,T恤,服装,789.95,2024-03-07 01:00:35,1,789.95,重庆,男,52,拼多多,2024,3,7,1
U2906,凌浩子,P34750,化妆刷套装,美妆,620.96,2024-01-05 12:12:33,5,3104.8,武汉,男,55,拼多多,2024,1,5,12
U1592,水政,P21836,平板电脑,电子产品,3117.69,2024-02-01 10:56:16,2,6235.38,深圳,男,42,拼多多,2024,2,1,10
U8797,臧松宁,P54783,面霜,美妆,61.8,2024-10-11 03:00:22,5,309.0,深圳,女,29,拼多多,2024,10,11,3
U8936,岑行榕,P70950,遥控车,玩具,802.21,2024-07-29 01:52:10,3,2406.63,苏州,女,26,拼多多,2024,7,29,1
U2889,霍梁星,P15495,粉底液,美妆,835.83,2024-05-29 22:49:20,2,1671.66,苏州,女,38,拼多多,2024,5,29,22
U7504,殷进奇,P82183,变形金刚,玩具,540.47,2024-04-01 23:56:15,1,540.47,武汉,女,38,拼多多,2024,4,1,23
U7801,孙进斌,P95035,篮球,运动,108.52,2024-11-09 21:52:35,3,325.56,成都,男,59,拼多多,2024,11,9,21
U7209,贺昌昌,P46839,办公椅,家居,3848.03,2024-12-25 16:00:11,1,3848.03,南京,女,44,拼多多,2024,12,25,16
U2440,臧龙彪,P37473,粉底液,美妆,616.97,2024-11-29 08:01:13,3,1850.91,西安,男,35,拼多多,2024,11,29,8
U4265,孔泽毅,P66640,沙发,家居,200.63,2024-05-03 05:17:28,3,601.89,上海,女,23,拼多多,2024,5,3,5
U8094,庞晨轮,P79443,连衣裙,服装,340.82,2024-03-13 01:19:00,4,1363.28,上海,女,35,拼多多,2024,3,13,1
U8199,凤顺刚,P36218,科幻小说,书籍,119.4,2024-10-05 13:14:21,2,238.8,重庆,女,59,拼多多,2024,10,5,13
U3239,麻树,P80437,毛绒玩具,玩具,230.26,2024-04-16 02:19:32,2,460.52,深圳,男,23,拼多多,2024,4,16,2
U6757,祁翰明,P73779,山地车,运动,491.91,2024-04-20 08:34:40,2,983.82,武汉,女,24,拼多多,2024,4,20,8
U3468,滕河栋,P89327,牛仔裤,服装,717.03,2024-06-28 11:05:22,3,2151.09,北京,男,44,拼多多,2024,6,28,11
U2360,费航梁,P37644,充电宝,电子产品,6255.4,2024-06-08 09:15:51,1,6255.4,成都,女,29,拼多多,2024,6,8,9
U6672,凌伯峰,P77300,卫衣,服装,379.24,2024-01-16 03:42:55,2,758.48,南京,男,50,拼多多,2024,1,16,3
U2244,岑泽,P67142,T恤,服装,345.82,2024-10-11 19:54:22,3,1037.46,北京,男,57,拼多多,2024,10,11,19
U1939,邵平泽,P38513,牛仔裤,服装,256.16,2024-12-11 21:02:28,1,256.16,武汉,男,18,拼多多,2024,12,11,21
U8816,钱志永,P22521,蓝牙耳机,电子产品,2565.91,2024-10-17 19:46:40,5,12829.55,深圳,女,49,拼多多,2024,10,17,19
U4977,乐浩时,P73536,智能手表,电子产品,7390.5,2024-12-10 15:14:16,1,7390.5,苏州,男,29,拼多多,2024,12,10,15
U2647,杭元绍,P81912,技术教材,书籍,601.76,2024-08-14 12:39:03,3,1805.28,武汉,男,57,拼多多,2024,8,14,12
U5798,娄毅富,P31507,智能手表,电子产品,5695.02,2024-03-07 05:15:16,5,28475.1,深圳,女,44,拼多多,2024,3,7,5
U8683,茅乐波,P36124,牛仔裤,服装,667.8,2024-01-10 04:39:57,3,2003.4,武汉,女,48,拼多多,2024,1,10,4
U3056,华策斌,P95075,拼图,玩具,798.51,2024-03-17 14:17:23,3,2395.53,天津,女,64,拼多多,2024,3,17,14
U7915,吕才浩,P15377,餐桌,家居,1878.76,2024-07-11 03:22:28,1,1878.76,武汉,男,30,拼多多,2024,7,11,3
U7558,茅清,P67831,蓝牙耳机,电子产品,3368.53,2024-04-19 15:22:45,4,13474.12,南京,男,37,拼多多,2024,4,19,15
U8332,何胜,P20573,羽毛球拍,运动,118.66,2024-08-04 13:19:26,1,118.66,武汉,女,59,拼多多,2024,8,4,13
U2388,杨梁,P46227,跑步鞋,运动,280.28,2024-09-30 19:57:46,4,1121.12,重庆,女,51,拼多多,2024,9,30,19
U2094,闵贵兴,P44772,牛仔裤,服装,548.51,2024-10-02 06:09:34,5,2742.55,成都,女,43,拼多多,2024,10,2,6
U2168,任维震,P91477,香水,美妆,355.14,2024-02-26 19:08:37,2,710.28,天津,女,18,拼多多,2024,2,26,19
U8520,崔致俊,P71080,运动鞋,服装,805.38,2024-10-25 11:30:12,4,3221.52,苏州,男,40,拼多多,2024,10,25,11
U5556,水盛祥,P25281,洗发水,美妆,379.07,2024-09-05 18:07:21,2,758.14,广州,女,28,拼多多,2024,9,5,18
U3412,秦炎若,P66108,化妆刷套装,美妆,509.87,2024-05-02 17:36:47,2,1019.74,天津,男,55,拼多多,2024,5,2,17
U1772,孔信,P72852,智能手表,电子产品,853.29,2024-04-19 07:26:14,5,4266.45,苏州,男,51,拼多多,2024,4,19,7
U4819,金昌思,P59307,T恤,服装,538.18,2024-09-29 15:53:25,1,538.18,苏州,女,60,拼多多,2024,9,29,15
U1413,傅才航,P19450,遥控车,玩具,349.56,2024-05-09 22:10:21,2,699.12,深圳,女,32,拼多多,2024,5,9,22
U8230,田家,P23016,技术教材,书籍,575.84,2024-11-15 04:27:48,4,2303.36,上海,男,62,拼多多,2024,11,15,4
U3165,钱博利,P99750,技术教材,书籍,85.75,2024-11-22 14:47:48,3,257.25,天津,女,24,拼多多,2024,11,22,14
U6830,葛邦榕,P42388,沙发,家居,1374.77,2024-10-12 04:24:33,5,6873.85,上海,女,24,拼多多,2024,10,12,4
U3264,祝致志,P16553,夹克,服装,55.5,2024-05-30 07:49:13,4,222.0,杭州,女,25,拼多多,2024,5,30,7
U9316,钮泰,P44984,哑铃,运动,553.16,2024-07-15 03:14:37,3,1659.48,武汉,男,23,拼多多,2024,7,15,3
U4591,管子朋,P32978,芭比娃娃,玩具,77.12,2024-08-30 01:11:35,5,385.6,广州,女,59,拼多多,2024,8,30,1
U7715,骆勇有,P11579,防晒霜,美妆,144.23,2024-08-04 16:47:56,3,432.69,上海,男,56,拼多多,2024,8,4,16
U9446,计刚伟,P17051,人物传记,书籍,705.3,2024-02-09 22:04:57,1,705.3,苏州,女,55,拼多多,2024,2,9,22
U4824,霍仁,P60942,平板电脑,电子产品,1655.81,2024-03-25 20:08:27,5,8279.05,成都,男,49,拼多多,2024,3,25,20
U5289,元厚宁,P74904,山地车,运动,735.02,2024-06-04 01:15:34,1,735.02,西安,男,50,拼多多,2024,6,4,1
U4603,贲琛,P32691,收纳盒,家居,3369.09,2024-07-08 17:47:45,4,13476.36,武汉,男,28,拼多多,2024,7,8,17
U3323,臧善峰,P11596,羽绒服,服装,361.11,2024-07-20 01:56:06,5,1805.55,武汉,男,52,拼多多,2024,7,20,1
U3559,汪先安,P27568,山地车,运动,597.38,2024-07-10 23:05:43,1,597.38,杭州,女,47,拼多多,2024,7,10,23
U4872,杭力,P67608,哑铃,运动,722.82,2024-01-26 08:13:12,3,2168.46,杭州,女,29,拼多多,2024,1,26,8
U5400,廉伦,P55093,台灯,家居,3223.55,2024-09-13 18:25:09,1,3223.55,西安,女,42,拼多多,2024,9,13,18
U3156,彭以进,P96624,洗发水,美妆,457.0,2024-04-21 10:00:42,5,2285.0,深圳,男,41,拼多多,2024,4,21,10
U6430,卜建军,P73528,瑜伽垫,运动,506.66,2024-03-29 04:36:35,1,506.66,杭州,女,39,拼多多,2024,3,29,4
U6608,蓝和,P25660,夹克,服装,838.27,2024-06-15 14:22:51,1,838.27,成都,男,53,拼多多,2024,6,15,14
U9739,丁善毅,P99250,羽毛球拍,运动,832.19,2024-05-31 01:34:19,1,832.19,深圳,男,32,拼多多,2024,5,31,1
U8868,罗斌,P66923,沙发,家居,2010.97,2024-05-05 07:24:06,5,10054.85,重庆,女,58,拼多多,2024,5,5,7
U9128,蓝斌勇,P71952,智能手机,电子产品,6681.64,2024-10-15 17:00:22,1,6681.64,杭州,男,42,拼多多,2024,10,15,17
U6038,林海波,P55412,瑜伽垫,运动,536.16,2024-08-13 06:14:33,2,1072.32,深圳,女,51,拼多多,2024,8,13,6
U3014,祁中波,P51401,收纳盒,家居,1687.86,2024-08-23 06:53:16,3,5063.58,南京,女,54,拼多多,2024,8,23,6
U2314,明振行,P67938,瑜伽垫,运动,737.96,2024-12-22 03:37:59,4,2951.84,武汉,女,59,拼多多,2024,12,22,3
U3912,项震轮,P56098,餐桌,家居,134.43,2024-07-12 19:57:13,3,403.29,武汉,男,27,拼多多,2024,7,12,19
U4351,诸龙军,P80192,收纳盒,家居,2720.5,2024-05-15 23:43:56,4,10882.0,广州,女,59,拼多多,2024,5,15,23
U6579,徐宏建,P39539,口红,美妆,779.56,2024-10-12 04:31:26,1,779.56,北京,女,42,拼多多,2024,10,12,4
U5844,胡飞刚,P99466,乐高积木,玩具,275.85,2024-01-17 06:19:23,4,1103.4,重庆,女,51,拼多多,2024,1,17,6
U6190,元新武,P18738,拼图,玩具,541.94,2024-03-28 21:06:10,1,541.94,西安,女,28,拼多多,2024,3,28,21
U3657,岑清军,P54067,口红,美妆,197.45,2024-08-17 07:56:44,3,592.35,重庆,男,19,拼多多,2024,8,17,7
U2139,皮楠斌,P83660,连衣裙,服装,399.86,2024-08-03 20:43:35,4,1599.44,深圳,女,47,拼多多,2024,8,3,20
U8117,柏震,P42768,口红,美妆,37.07,2024-02-19 09:30:55,3,111.21,杭州,女,34,拼多多,2024,2,19,9
U1654,谢永俊,P10368,智能手机,电子产品,3996.14,2024-10-20 14:35:46,5,19980.7,苏州,男,48,拼多多,2024,10,20,14
U6456,夏承全,P19623,香水,美妆,118.78,2024-11-07 18:19:21,2,237.56,武汉,女,61,拼多多,2024,11,7,18
U4979,梁河,P51509,香水,美妆,665.53,2024-09-01 14:03:46,5,3327.65,苏州,男,52,拼多多,2024,9,1,14
U7800,邵茂世,P78434,变形金刚,玩具,546.06,2024-03-20 04:30:04,1,546.06,武汉,男,18,拼多多,2024,3,20,4
U2010,成俊武,P67430,毛绒玩具,玩具,247.4,2024-07-08 16:50:49,4,989.6,成都,男,22,拼多多,2024,7,8,16
U2572,田腾友,P13495,遥控车,玩具,127.24,2024-02-20 20:51:06,3,381.72,重庆,女,35,拼多多,2024,2,20,20
U9538,路鹏豪,P22939,科幻小说,书籍,318.34,2024-06-21 20:14:45,4,1273.36,杭州,女,59,拼多多,2024,6,21,20
U2621,史若浩,P16506,牛仔裤,服装,422.54,2024-03-02 00:58:03,3,1267.62,苏州,女,32,拼多多,2024,3,2,0
U8349,宗和民,P93589,科幻小说,书籍,577.1,2024-01-01 21:45:36,5,2885.5,天津,男,53,拼多多,2024,1,1,21
U4390,安世仁,P96204,卫衣,服装,334.57,2024-05-10 09:53:42,5,1672.85,广州,男,39,拼多多,2024,5,10,9
U7134,汤时军,P98955,人物传记,书籍,428.22,2024-04-06 09:20:02,3,1284.66,天津,男,38,拼多多,2024,4,6,9
U1137,高伦生,P69575,办公椅,家居,3913.17,2024-12-22 20:38:14,1,3913.17,深圳,女,24,拼多多,2024,12,22,20
U6656,舒山福,P21076,连衣裙,服装,810.16,2024-08-12 10:08:56,3,2430.48,苏州,男,53,拼多多,2024,8,12,10
U9601,季彬,P22275,历史书籍,书籍,623.96,2024-01-08 07:47:45,4,2495.84,上海,女,63,拼多多,2024,1,8,7
U5924,彭子,P69118,科幻小说,书籍,842.44,2024-06-29 00:46:02,3,2527.32,西安,女,38,拼多多,2024,6,29,0
U3693,昝朋泰,P19511,口红,美妆,672.48,2024-06-23 10:43:27,1,672.48,成都,男,32,拼多多,2024,6,23,10
U7717,酆群,P27967,粉底液,美妆,549.49,2024-09-21 01:56:26,3,1648.47,广州,男,57,拼多多,2024,9,21,1
U6660,祝广,P33319,毛绒玩具,玩具,501.69,2024-06-26 09:08:43,4,2006.76,西安,男,57,拼多多,2024,6,26,9
U4312,李良群,P72181,桌游,玩具,804.78,2024-05-09 19:16:46,2,1609.56,天津,男,20,拼多多,2024,5,9,19
U8915,樊炎友,P16237,遥控车,玩具,187.03,2024-11-23 00:46:14,4,748.12,成都,女,40,拼多多,2024,11,23,0
U4790,鲁谦善,P73949,口红,美妆,524.42,2024-09-23 08:53:23,1,524.42,武汉,女,64,拼多多,2024,9,23,8
U6076,项若,P80459,技术教材,书籍,505.21,2024-04-12 08:14:00,1,505.21,天津,女,21,拼多多,2024,4,12,8
U7197,闵胜致,P39787,技术教材,书籍,774.26,2024-04-15 01:51:12,5,3871.3,重庆,男,63,拼多多,2024,4,15,1
U1607,熊天,P65332,变形金刚,玩具,603.19,2024-07-15 21:57:15,3,1809.57,苏州,男,52,拼多多,2024,7,15,21
U8215,高乐固,P19320,心理学,书籍,579.42,2024-07-02 12:38:09,5,2897.1,成都,男,43,拼多多,2024,7,2,12
U7246,奚家泰,P48479,平板电脑,电子产品,1337.02,2024-12-15 19:41:21,4,5348.08,西安,男,33,拼多多,2024,12,15,19
U4720,邓江朗,P95649,漫画,书籍,49.12,2024-06-27 12:02:04,3,147.36,成都,男,63,拼多多,2024,6,27,12
U9689,伍冠振,P22433,蓝牙耳机,电子产品,5163.16,2024-09-25 11:30:14,3,15489.48,西安,男,65,拼多多,2024,9,25,11
U6624,干旭,P35335,抱枕,家居,1744.61,2024-02-26 09:12:20,1,1744.61,天津,女,53,拼多多,2024,2,26,9
U6022,范俊永,P40660,跑步鞋,运动,220.93,2024-07-30 21:18:44,1,220.93,杭州,男,50,拼多多,2024,7,30,21
U8215,应福榕,P86904,口红,美妆,556.5,2024-02-12 11:38:45,5,2782.5,成都,女,36,拼多多,2024,2,12,11
U2134,汪以翰,P87578,收纳盒,家居,3423.94,2024-07-15 15:01:59,5,17119.7,上海,男,65,拼多多,2024,7,15,15
U3377,田心诚,P42340,牛仔裤,服装,175.95,2024-12-01 07:18:16,1,175.95,成都,男,25,拼多多,2024,12,1,7
U7489,计敬博,P42461,毛绒玩具,玩具,563.65,2024-12-24 05:03:55,1,563.65,上海,女,22,拼多多,2024,12,24,5
U5280,施辉林,P35559,收纳盒,家居,4145.25,2024-12-04 04:06:45,4,16581.0,西安,男,25,拼多多,2024,12,4,4
U5529,湛心,P39364,桌游,玩具,816.46,2024-03-04 22:22:57,4,3265.84,成都,男,47,拼多多,2024,3,4,22
U8864,危策,P17443,洗发水,美妆,78.5,2024-08-14 23:00:30,4,314.0,西安,男,24,拼多多,2024,8,14,23
U5301,崔祥文,P39975,乐高积木,玩具,520.54,2024-07-21 21:33:55,4,2082.16,深圳,女,21,拼多多,2024,7,21,21
U1982,郭鸣谦,P38193,桌游,玩具,157.49,2024-06-05 20:16:47,1,157.49,北京,女,26,拼多多,2024,6,5,20
U8430,成光,P96638,芭比娃娃,玩具,452.91,2024-06-21 15:46:49,4,1811.64,上海,男,41,拼多多,2024,6,21,15
U7456,郭昌,P33088,洗发水,美妆,849.7,2024-11-20 03:10:13,2,1699.4,重庆,男,34,拼多多,2024,11,20,3
U7235,常武福,P25935,餐桌,家居,3596.59,2024-07-06 09:15:51,3,10789.77,北京,男,41,拼多多,2024,7,6,9
U7427,臧志,P59444,面霜,美妆,839.32,2024-08-07 07:21:14,5,4196.6,杭州,男,29,拼多多,2024,8,7,7
U6176,彭毅毅,P33117,漫画,书籍,221.81,2024-02-19 11:06:01,5,1109.05,重庆,女,58,拼多多,2024,2,19,11
U1872,沈谦,P72831,拼图,玩具,696.65,2024-12-20 08:25:54,2,1393.3,广州,女,48,拼多多,2024,12,20,8
U7169,成飞建,P72975,漫画,书籍,242.66,2024-06-22 03:25:06,4,970.64,南京,男,49,拼多多,2024,6,22,3
U3408,霍贵博,P26786,瑜伽垫,运动,796.21,2024-06-13 16:03:58,2,1592.42,北京,女,24,拼多多,2024,6,13,16
U8440,危雄星,P66283,化妆刷套装,美妆,411.52,2024-12-01 12:48:01,2,823.04,武汉,女,18,拼多多,2024,12,1,12
U1887,祁岩邦,P92761,台灯,家居,2300.49,2024-11-16 23:46:07,2,4600.98,重庆,女,54,拼多多,2024,11,16,23
U9284,强子,P64868,篮球,运动,119.21,2024-09-02 11:37:38,1,119.21,苏州,男,25,拼多多,2024,9,2,11
U9671,雷军,P49343,乐高积木,玩具,791.58,2024-02-27 12:14:06,2,1583.16,天津,女,44,拼多多,2024,2,27,12
U3807,阮彪,P80315,牛仔裤,服装,732.08,2024-01-02 22:01:46,5,3660.4,南京,男,52,拼多多,2024,1,2,22
U3901,邵岩士,P43345,乐高积木,玩具,594.27,2024-07-13 15:40:51,1,594.27,天津,男,54,拼多多,2024,7,13,15
U5430,席河冠,P36899,香水,美妆,808.24,2024-11-20 13:56:24,5,4041.2,杭州,女,53,拼多多,2024,11,20,13
U1593,施冠志,P87212,运动鞋,服装,167.0,2024-01-21 12:08:13,4,668.0,苏州,男,43,拼多多,2024,1,21,12
U9956,唐胜,P40981,历史书籍,书籍,473.13,2024-11-29 12:27:50,5,2365.65,西安,男,53,拼多多,2024,11,29,12
U2252,于伦辰,P28661,漫画,书籍,681.62,2024-12-24 14:10:21,2,1363.24,苏州,男,46,拼多多,2024,12,24,14
U8254,酆广,P72072,台灯,家居,3828.56,2024-11-18 16:18:49,3,11485.68,成都,男,23,拼多多,2024,11,18,16
U4498,伏先谦,P59974,蓝牙耳机,电子产品,7149.47,2024-10-31 07:44:43,2,14298.94,上海,男,40,拼多多,2024,10,31,7
U4002,伏志,P20887,夹克,服装,619.8,2024-04-01 09:33:38,5,3099.0,西安,女,32,拼多多,2024,4,1,9
U3335,莫永林,P24951,卫衣,服装,628.23,2024-04-05 02:28:23,2,1256.46,重庆,女,26,拼多多,2024,4,5,2
U3227,陶兴,P28244,羽毛球拍,运动,26.92,2024-11-17 22:44:24,3,80.76,武汉,女,20,拼多多,2024,11,17,22
U3992,廉翔,P39989,笔记本电脑,电子产品,2512.07,2024-03-20 00:45:42,5,12560.35,北京,女,57,拼多多,2024,3,20,0
U1250,卞亮河,P85719,心理学,书籍,103.36,2024-06-14 21:31:05,3,310.08,深圳,男,38,拼多多,2024,6,14,21
U8514,史波发,P30679,变形金刚,玩具,37.37,2024-01-18 23:06:09,4,149.48,武汉,男,25,拼多多,2024,1,18,23
U3749,安富有,P23929,面霜,美妆,753.74,2024-07-06 03:13:46,4,3014.96,苏州,男,64,拼多多,2024,7,6,3
U3701,戚壮松,P65510,智能手机,电子产品,1603.58,2024-01-14 14:27:25,2,3207.16,南京,女,62,拼多多,2024,1,14,14
U8201,管文,P80592,山地车,运动,307.55,2024-02-16 10:42:46,4,1230.2,北京,男,36,拼多多,2024,2,16,10
U9146,庞和生,P95052,哑铃,运动,793.03,2024-03-31 21:34:30,3,2379.09,天津,男,34,拼多多,2024,3,31,21
U8620,郎东彪,P96669,羽绒服,服装,739.26,2024-09-17 02:43:57,2,1478.52,苏州,女,51,拼多多,2024,9,17,2
U1634,方茂晨,P95211,T恤,服装,708.98,2024-12-26 03:51:13,2,1417.96,天津,女,19,拼多多,2024,12,26,3
U4747,宣建清,P28938,变形金刚,玩具,209.01,2024-01-27 10:43:13,4,836.04,深圳,女,59,拼多多,2024,1,27,10
U1662,酆德,P29460,洗发水,美妆,829.12,2024-04-18 04:09:07,3,2487.36,南京,女,23,拼多多,2024,4,18,4
U9061,喻盛,P59092,笔记本电脑,电子产品,2938.84,2024-05-07 01:37:35,4,11755.36,上海,男,50,拼多多,2024,5,7,1
U1795,毛和江,P36924,收纳盒,家居,3222.57,2024-11-22 12:05:42,1,3222.57,天津,男,38,拼多多,2024,11,22,12
U7359,伍福东,P33538,羽毛球拍,运动,810.29,2024-04-23 17:44:35,4,3241.16,深圳,男,64,拼多多,2024,4,23,17
U4335,贲胜力,P20870,牛仔裤,服装,625.42,2024-02-04 04:35:16,4,2501.68,北京,女,40,拼多多,2024,2,4,4
U6692,昝生保,P60213,连衣裙,服装,498.69,2024-12-19 20:59:55,4,1994.76,北京,男,40,拼多多,2024,12,19,20
U6225,方进思,P86424,充电宝,电子产品,996.58,2024-09-24 08:50:27,3,2989.74,广州,男,65,拼多多,2024,9,24,8
U6372,邬星富,P89431,台灯,家居,1911.91,2024-07-31 13:01:51,5,9559.55,上海,男,36,拼多多,2024,7,31,13
U9351,昌永策,P45862,智能手机,电子产品,7597.55,2024-03-18 13:54:28,2,15195.1,成都,女,26,拼多多,2024,3,18,13
U7060,孙良义,P10706,办公椅,家居,2059.63,2024-09-02 09:55:43,5,10298.15,成都,女,43,拼多多,2024,9,2,9
U6324,经彪俊,P23648,山地车,运动,558.53,2024-11-12 19:24:45,3,1675.59,西安,男,64,拼多多,2024,11,12,19
U2289,毛达刚,P88954,技术教材,书籍,285.37,2024-08-16 10:40:42,5,1426.85,杭州,男,33,拼多多,2024,8,16,10
U4211,席清刚,P67208,面霜,美妆,167.74,2024-03-18 23:08:59,3,503.22,成都,男,27,拼多多,2024,3,18,23
U8717,伍学榕,P37522,科幻小说,书籍,659.8,2024-10-19 13:32:45,2,1319.6,杭州,男,39,拼多多,2024,10,19,13
U2496,左东雄,P55290,笔记本电脑,电子产品,950.15,2024-02-05 04:17:48,1,950.15,重庆,男,62,拼多多,2024,2,5,4
U8899,郁雄,P87151,T恤,服装,517.67,2024-04-25 07:44:29,1,517.67,重庆,女,42,拼多多,2024,4,25,7
U7947,方先茂,P54620,台灯,家居,1526.58,2024-12-06 01:38:00,4,6106.32,成都,男,47,拼多多,2024,12,6,1
U1247,于利启,P42953,羽毛球拍,运动,436.53,2024-05-05 15:26:09,5,2182.65,杭州,男,33,拼多多,2024,5,5,15
U2354,张斌鹏,P88101,篮球,运动,66.18,2024-04-17 10:34:08,5,330.9,西安,女,37,拼多多,2024,4,17,10
U9080,成昌文,P34518,显示器,电子产品,4334.9,2024-03-18 20:09:05,1,4334.9,天津,女,34,拼多多,2024,3,18,20
U6501,奚奇宏,P80964,拼图,玩具,728.14,2024-12-10 13:18:55,1,728.14,北京,女,37,拼多多,2024,12,10,13
U4781,花伟,P69092,心理学,书籍,510.25,2024-05-11 13:19:50,1,510.25,上海,女,19,拼多多,2024,5,11,13
U2478,狄世泰,P54973,香水,美妆,664.0,2024-07-06 08:39:05,5,3320.0,南京,女,19,拼多多,2024,7,6,8
U2399,席林力,P13887,抱枕,家居,1412.26,2024-06-30 22:58:43,5,7061.3,苏州,女,38,拼多多,2024,6,30,22
U8107,刁晨健,P52285,遥控车,玩具,801.96,2024-09-19 20:07:39,1,801.96,广州,男,48,拼多多,2024,9,19,20
U3313,潘富东,P65131,智能手表,电子产品,8381.59,2024-04-04 22:12:30,2,16763.18,广州,女,21,拼多多,2024,4,4,22
U1065,伍波家,P83057,面霜,美妆,432.04,2024-06-20 20:56:45,2,864.08,武汉,女,24,拼多多,2024,6,20,20
U2944,赵和栋,P96969,连衣裙,服装,486.73,2024-08-16 12:27:27,2,973.46,天津,男,62,拼多多,2024,8,16,12
U1139,禹林建,P43423,洗发水,美妆,729.87,2024-05-30 23:13:30,2,1459.74,苏州,男,49,拼多多,2024,5,30,23
U8378,蒋安,P80340,抱枕,家居,2751.76,2024-04-10 19:53:50,4,11007.04,北京,男,58,拼多多,2024,4,10,19
U2031,陶国祥,P42243,四件套,家居,3630.77,2024-10-24 22:36:05,1,3630.77,武汉,女,24,拼多多,2024,10,24,22
U1777,干雄,P24903,连衣裙,服装,779.2,2024-11-21 07:07:37,5,3896.0,深圳,男,39,拼多多,2024,11,21,7
U3775,汪兴进,P81795,平板电脑,电子产品,2290.84,2024-02-16 03:53:47,1,2290.84,西安,男,40,拼多多,2024,2,16,3
U7180,席力文,P34688,遥控车,玩具,726.87,2024-10-02 22:38:12,5,3634.35,北京,女,37,拼多多,2024,10,2,22
U5900,苏绍友,P98661,瑜伽垫,运动,208.98,2024-08-17 07:21:33,5,1044.9,南京,女,40,拼多多,2024,8,17,7
U9525,管山榕,P97579,化妆刷套装,美妆,306.1,2024-07-13 19:23:34,3,918.3,苏州,女,64,拼多多,2024,7,13,19
U8976,谈民,P78286,漫画,书籍,644.5,2024-09-18 11:24:01,5,3222.5,北京,女,57,拼多多,2024,9,18,11
U4138,卫龙宏,P88967,变形金刚,玩具,599.44,2024-04-13 20:57:58,2,1198.88,武汉,男,57,拼多多,2024,4,13,20
U8903,阮明亮,P49283,卫衣,服装,528.64,2024-09-06 06:26:57,4,2114.56,成都,男,28,拼多多,2024,9,6,6
U1132,窦光松,P99480,夹克,服装,197.74,2024-10-20 11:23:45,3,593.22,上海,女,24,拼多多,2024,10,20,11
U3012,江琛兴,P13555,收纳盒,家居,2407.66,2024-05-12 01:05:44,1,2407.66,广州,男,50,拼多多,2024,5,12,1
U3532,郎新新,P63910,科幻小说,书籍,428.14,2024-01-31 07:18:18,1,428.14,杭州,男,32,拼多多,2024,1,31,7
U3840,应克浩,P58827,四件套,家居,601.4,2024-06-27 19:34:42,5,3007.0,重庆,男,50,拼多多,2024,6,27,19
U8698,安江,P49517,面霜,美妆,301.87,2024-01-07 10:01:25,2,603.74,西安,男,34,拼多多,2024,1,7,10
U5767,柳文功,P88697,沙发,家居,1923.48,2024-04-24 19:04:06,3,5770.44,苏州,女,34,拼多多,2024,4,24,19
U1104,吉贵,P36288,蓝牙耳机,电子产品,6573.59,2024-07-01 14:46:05,5,32867.95,深圳,女,43,拼多多,2024,7,1,14
U7389,徐涛,P37620,历史书籍,书籍,805.03,2024-08-23 01:01:57,3,2415.09,天津,女,29,拼多多,2024,8,23,1
U1546,支奇群,P43982,口红,美妆,559.74,2024-01-30 02:57:57,2,1119.48,广州,女,27,拼多多,2024,1,30,2
U5287,顾善,P65256,平板电脑,电子产品,5368.52,2024-12-02 05:47:24,3,16105.56,成都,女,39,拼多多,2024,12,2,5
U1864,裘武弘,P82604,洗发水,美妆,582.54,2024-04-11 04:55:59,2,1165.08,杭州,女,33,拼多多,2024,4,11,4
U4259,夏航,P36016,瑜伽垫,运动,384.36,2024-12-15 13:06:35,3,1153.08,北京,女,34,拼多多,2024,12,15,13
U4146,蔡雄,P16893,漫画,书籍,778.57,2024-05-23 22:44:02,3,2335.71,上海,女,38,拼多多,2024,5,23,22
U7643,应彪,P51514,拼图,玩具,176.6,2024-03-20 03:35:59,5,883.0,西安,男,24,拼多多,2024,3,20,3
U8721,熊启行,P75754,卫衣,服装,217.23,2024-06-30 20:43:57,1,217.23,重庆,男,52,拼多多,2024,6,30,20
U1667,单河胜,P76848,历史书籍,书籍,628.91,2024-01-21 00:59:37,1,628.91,深圳,女,34,拼多多,2024,1,21,0
U9813,马胜中,P65829,显示器,电子产品,6558.93,2024-12-02 13:46:18,2,13117.86,杭州,女,48,拼多多,2024,12,2,13
U5627,谢谦航,P55660,办公椅,家居,3954.51,2024-11-25 09:08:43,5,19772.55,上海,男,58,拼多多,2024,11,25,9
U6692,干庆策,P73088,充电宝,电子产品,2338.73,2024-01-28 04:48:22,1,2338.73,上海,女,60,拼多多,2024,1,28,4
U9096,滕士健,P52475,毛绒玩具,玩具,125.38,2024-06-13 23:55:47,4,501.52,上海,男,31,拼多多,2024,6,13,23
U1541,常健天,P28521,T恤,服装,447.81,2024-01-13 11:52:21,4,1791.24,重庆,女,60,拼多多,2024,1,13,11
U5575,丁时永,P29293,办公椅,家居,3241.6,2024-12-22 00:50:26,1,3241.6,北京,女,48,拼多多,2024,12,22,0
U7942,卞鹏群,P60935,口红,美妆,478.64,2024-08-11 08:48:55,5,2393.2,西安,女,50,拼多多,2024,8,11,8
U8643,俞伦新,P69307,漫画,书籍,392.51,2024-10-28 07:19:08,3,1177.53,上海,女,56,拼多多,2024,10,28,7
U4473,孟时,P18924,技术教材,书籍,571.85,2024-08-26 01:54:32,1,571.85,武汉,女,18,拼多多,2024,8,26,1
U2201,樊成彪,P19522,防晒霜,美妆,262.93,2024-08-13 14:05:55,1,262.93,南京,女,18,拼多多,2024,8,13,14
U8548,昝宁震,P86291,芭比娃娃,玩具,599.95,2024-08-17 23:41:20,5,2999.75,北京,女,27,拼多多,2024,8,17,23
U2367,项全海,P37877,运动鞋,服装,324.37,2024-09-25 05:42:01,3,973.11,重庆,男,21,拼多多,2024,9,25,5
U3314,常泽栋,P90199,心理学,书籍,542.44,2024-09-22 15:18:25,5,2712.2,南京,男,33,拼多多,2024,9,22,15
U9070,水文,P53562,羽毛球拍,运动,772.9,2024-07-10 22:48:00,3,2318.7,杭州,男,23,拼多多,2024,7,10,22
U7646,喻敬发,P32233,防晒霜,美妆,49.26,2024-10-21 23:12:35,4,197.04,上海,女,42,拼多多,2024,10,21,23
U3754,彭奇思,P11611,香水,美妆,218.87,2024-11-19 04:41:07,2,437.74,上海,男,57,拼多多,2024,11,19,4
U4901,史子学,P78790,跑步鞋,运动,599.16,2024-07-27 07:07:22,3,1797.48,重庆,男,53,拼多多,2024,7,27,7
U7182,邹冠,P72876,科幻小说,书籍,772.0,2024-08-02 19:38:59,5,3860.0,杭州,女,30,拼多多,2024,8,2,19
U3670,韦功鹏,P71492,智能手表,电子产品,4182.7,2024-06-29 16:59:49,5,20913.5,北京,女,60,拼多多,2024,6,29,16
U6396,秦勇哲,P26556,运动鞋,服装,649.89,2024-11-15 07:25:39,1,649.89,成都,男,53,拼多多,2024,11,15,7
U8030,褚榕昌,P41275,台灯,家居,3455.75,2024-08-14 13:46:25,2,6911.5,北京,女,23,拼多多,2024,8,14,13
U5150,韩山,P80751,充电宝,电子产品,1909.81,2024-05-25 01:46:15,2,3819.62,南京,男,40,拼多多,2024,5,25,1
U7122,邓博超,P86221,收纳盒,家居,969.5,2024-02-28 01:43:09,5,4847.5,重庆,男,19,拼多多,2024,2,28,1
U4783,包炎康,P90316,蓝牙耳机,电子产品,5459.93,2024-10-24 13:17:51,2,10919.86,西安,男,29,拼多多,2024,10,24,13
U1437,孙翰,P70954,跳绳,运动,398.98,2024-12-30 05:00:35,1,398.98,深圳,女,26,拼多多,2024,12,30,5
U3496,贝才朋,P98343,芭比娃娃,玩具,566.66,2024-02-06 04:39:24,4,2266.64,深圳,女,51,拼多多,2024,2,6,4
U1823,殷梁海,P53863,毛绒玩具,玩具,118.32,2024-02-03 00:43:53,4,473.28,武汉,男,37,拼多多,2024,2,3,0
U9896,顾志,P27995,显示器,电子产品,5826.45,2024-05-24 19:06:38,1,5826.45,上海,女,38,拼多多,2024,5,24,19
U8186,强发,P65024,餐桌,家居,2039.0,2024-01-22 01:12:55,4,8156.0,苏州,男,32,拼多多,2024,1,22,1
U2296,丁子伯,P89795,沙发,家居,3120.7,2024-12-13 07:55:12,4,12482.8,广州,男,50,拼多多,2024,12,13,7
U5085,计辉,P62199,洗发水,美妆,598.73,2024-09-27 15:30:49,4,2394.92,北京,男,51,拼多多,2024,9,27,15
U3814,郎林国,P67996,山地车,运动,662.2,2024-12-03 04:07:28,2,1324.4,重庆,男,25,拼多多,2024,12,3,4
U2571,茅达文,P67019,收纳盒,家居,2050.75,2024-02-20 17:17:10,3,6152.25,西安,女,48,拼多多,2024,2,20,17
U4243,钟鸣永,P47631,山地车,运动,207.82,2024-05-09 19:39:26,2,415.64,广州,男,48,拼多多,2024,5,9,19
U8321,祝德,P36454,跑步鞋,运动,17.82,2024-04-14 13:23:36,3,53.46,苏州,女,64,拼多多,2024,4,14,13
U1087,米海,P84346,口红,美妆,106.01,2024-06-25 16:56:35,2,212.02,重庆,男,24,拼多多,2024,6,25,16
U7838,莫豪民,P77559,台灯,家居,514.77,2024-08-23 21:18:57,3,1544.31,南京,男,56,拼多多,2024,8,23,21
U3391,祁亨杰,P73679,显示器,电子产品,5160.49,2024-09-28 22:48:30,4,20641.96,苏州,女,33,拼多多,2024,9,28,22
U3484,危军士,P71241,粉底液,美妆,606.79,2024-10-11 04:59:39,5,3033.95,南京,女,40,拼多多,2024,10,11,4
U6403,麻朋雄,P71320,沙发,家居,3317.97,2024-07-10 07:38:22,2,6635.94,北京,女,45,拼多多,2024,7,10,7
U4675,臧思昌,P10752,台灯,家居,1587.14,2024-07-19 13:13:25,3,4761.42,广州,男,47,拼多多,2024,7,19,13
U9511,元子以,P78287,运动鞋,服装,516.06,2024-12-12 03:28:57,2,1032.12,成都,男,40,拼多多,2024,12,12,3
U4711,花光邦,P92884,蓝牙耳机,电子产品,3808.05,2024-11-18 09:12:16,5,19040.25,重庆,女,57,拼多多,2024,11,18,9
U9370,钱航,P21084,技术教材,书籍,334.94,2024-06-25 09:57:39,1,334.94,成都,女,29,拼多多,2024,6,25,9
U5009,丁祥,P34381,时尚杂志,书籍,565.08,2024-02-26 07:26:36,1,565.08,上海,女,52,拼多多,2024,2,26,7
U5768,钱和,P75020,漫画,书籍,113.71,2024-01-22 05:36:33,1,113.71,重庆,女,56,拼多多,2024,1,22,5
U8915,郁鹏,P92380,拼图,玩具,516.15,2024-07-07 00:59:31,3,1548.45,西安,女,40,拼多多,2024,7,7,0
U8837,昌中,P37364,香水,美妆,285.57,2024-02-12 19:13:51,1,285.57,深圳,女,55,拼多多,2024,2,12,19
U2939,禹林雄,P94695,香水,美妆,178.36,2024-07-17 05:26:32,5,891.8,成都,男,64,拼多多,2024,7,17,5
U6949,方涛伯,P84054,哑铃,运动,254.19,2024-05-26 17:38:44,3,762.57,上海,女,51,拼多多,2024,5,26,17
U4580,强成泰,P24149,台灯,家居,2769.12,2024-04-21 15:51:29,2,5538.24,南京,男,65,拼多多,2024,4,21,15
U6375,闵峰,P28869,科幻小说,书籍,463.54,2024-03-07 12:42:43,2,927.08,苏州,女,65,拼多多,2024,3,7,12
U1401,林建世,P69919,办公椅,家居,498.79,2024-02-23 08:05:06,2,997.58,南京,女,60,拼多多,2024,2,23,8
U4808,苏轮勇,P51244,牛仔裤,服装,269.49,2024-11-01 10:16:37,2,538.98,重庆,女,33,拼多多,2024,11,1,10
U9383,吕伦,P60500,羽毛球拍,运动,618.83,2024-07-29 05:55:20,1,618.83,深圳,男,22,拼多多,2024,7,29,5
U3613,夏博,P20808,充电宝,电子产品,4432.67,2024-12-16 13:23:58,4,17730.68,北京,女,58,拼多多,2024,12,16,13
U1659,姚建若,P16888,跳绳,运动,409.21,2024-01-27 04:36:56,4,1636.84,天津,男,37,拼多多,2024,1,27,4
U1920,杨峰福,P81947,科幻小说,书籍,667.07,2024-03-26 03:03:02,2,1334.14,南京,女,23,拼多多,2024,3,26,3
U2080,郁振,P93622,跳绳,运动,748.86,2024-02-05 09:13:22,4,2995.44,北京,女,24,拼多多,2024,2,5,9
U2368,昝树兴,P16972,智能手机,电子产品,1126.55,2024-06-27 13:46:30,1,1126.55,武汉,女,25,拼多多,2024,6,27,13
U5999,廉力功,P89947,夹克,服装,782.6,2024-08-28 22:10:51,2,1565.2,成都,男,20,拼多多,2024,8,28,22
U7308,章国辰,P15405,芭比娃娃,玩具,676.73,2024-08-14 16:42:37,5,3383.65,上海,男,62,拼多多,2024,8,14,16
U5741,于炎辰,P70695,桌游,玩具,499.09,2024-08-12 00:18:15,5,2495.45,广州,男,64,拼多多,2024,8,12,0
U4838,王飞,P44701,洗发水,美妆,348.36,2024-05-28 11:22:43,5,1741.8,西安,男,25,拼多多,2024,5,28,11
U5059,宣以,P66117,平板电脑,电子产品,4118.77,2024-04-26 09:28:51,1,4118.77,南京,女,64,拼多多,2024,4,26,9
U3779,汪健军,P65238,历史书籍,书籍,220.58,2024-09-11 12:52:23,4,882.32,西安,男,21,拼多多,2024,9,11,12
U7516,蔡奇,P11709,智能手机,电子产品,3491.92,2024-04-14 02:30:23,3,10475.76,重庆,男,52,拼多多,2024,4,14,2
U9571,窦信斌,P18336,收纳盒,家居,267.76,2024-10-09 06:25:02,4,1071.04,武汉,男,26,拼多多,2024,10,9,6
U4446,孔敬厚,P32126,遥控车,玩具,799.51,2024-03-17 15:17:34,1,799.51,天津,男,31,拼多多,2024,3,17,15
U3539,童鸣,P46501,防晒霜,美妆,790.98,2024-01-28 20:52:07,1,790.98,南京,男,29,拼多多,2024,1,28,20
U1915,孔涛风,P11191,跑步鞋,运动,648.81,2024-05-07 23:31:38,1,648.81,天津,女,59,拼多多,2024,5,7,23
U6611,廉琛,P70434,台灯,家居,4175.11,2024-07-10 08:47:23,5,20875.55,成都,女,58,拼多多,2024,7,10,8
U6841,余武启,P85460,T恤,服装,541.24,2024-01-19 00:11:05,2,1082.48,成都,男,45,拼多多,2024,1,19,0
U3495,张和光,P50148,充电宝,电子产品,7579.08,2024-06-01 10:10:53,5,37895.4,南京,男,33,拼多多,2024,6,1,10
U3413,盛行泰,P83103,智能手表,电子产品,6973.24,2024-01-14 05:44:30,5,34866.2,上海,女,61,拼多多,2024,1,14,5
U5426,任彪富,P32266,香水,美妆,288.7,2024-08-17 10:12:24,1,288.7,广州,男,57,拼多多,2024,8,17,10
U6657,沈楠若,P62493,台灯,家居,3815.07,2024-01-04 07:36:45,5,19075.35,重庆,男,36,拼多多,2024,1,4,7
U4781,娄辰,P89654,历史书籍,书籍,244.22,2024-04-12 23:28:59,5,1221.1,武汉,男,59,拼多多,2024,4,12,23
U6819,苏林天,P56068,瑜伽垫,运动,205.36,2024-07-02 03:42:17,5,1026.8,重庆,男,36,拼多多,2024,7,2,3
U6190,樊航,P42802,T恤,服装,364.92,2024-08-10 23:02:04,2,729.84,苏州,女,35,拼多多,2024,8,10,23
U4374,魏力涛,P48233,运动鞋,服装,75.05,2024-02-13 08:42:46,2,150.1,成都,女,53,拼多多,2024,2,13,8
U6074,闵钧,P16898,面霜,美妆,333.52,2024-06-13 13:59:54,3,1000.56,武汉,男,27,拼多多,2024,6,13,13
U7966,陶腾飞,P59379,抱枕,家居,1212.77,2024-11-01 11:53:20,1,1212.77,杭州,女,49,拼多多,2024,11,1,11
U8626,贾哲,P87426,毛绒玩具,玩具,609.38,2024-04-12 20:46:03,2,1218.76,武汉,男,45,拼多多,2024,4,12,20
U6982,韩国龙,P93900,时尚杂志,书籍,45.38,2024-05-21 12:03:43,4,181.52,成都,男,57,拼多多,2024,5,21,12
U7166,贲生行,P18580,拼图,玩具,571.76,2024-05-13 07:18:25,4,2287.04,重庆,女,44,拼多多,2024,5,13,7
U9445,苏贵翰,P59163,台灯,家居,759.48,2024-09-13 12:43:46,5,3797.4,深圳,男,29,拼多多,2024,9,13,12
U2058,张力,P97928,遥控车,玩具,751.75,2024-02-19 00:35:26,3,2255.25,成都,女,28,拼多多,2024,2,19,0
U9293,姚群江,P17415,变形金刚,玩具,718.62,2024-08-26 16:16:14,4,2874.48,深圳,男,31,拼多多,2024,8,26,16
U1730,萧成豪,P31146,笔记本电脑,电子产品,1443.78,2024-09-09 19:31:07,4,5775.12,广州,男,37,拼多多,2024,9,9,19
U1616,蒋博,P12799,篮球,运动,628.71,2024-11-05 17:04:01,2,1257.42,成都,男,57,拼多多,2024,11,5,17
U3725,梅策,P60742,充电宝,电子产品,3484.03,2024-11-30 02:42:14,4,13936.12,苏州,女,38,拼多多,2024,11,30,2
U2296,卜昌谦,P48267,T恤,服装,140.92,2024-03-09 12:14:44,5,704.6,南京,女,57,拼多多,2024,3,9,12
U4523,颜保风,P86452,羽毛球拍,运动,365.78,2024-04-04 16:46:47,2,731.56,重庆,男,25,拼多多,2024,4,4,16
U1211,乐信,P78341,防晒霜,美妆,562.1,2024-10-31 10:48:17,5,2810.5,天津,男,56,拼多多,2024,10,31,10
U8029,包仁明,P93192,粉底液,美妆,91.52,2024-08-09 08:27:05,3,274.56,北京,女,25,拼多多,2024,8,9,8
U4425,元龙昌,P61623,卫衣,服装,614.08,2024-08-03 17:26:58,5,3070.4,苏州,男,26,拼多多,2024,8,3,17
U3931,董博,P98789,粉底液,美妆,413.95,2024-04-15 02:11:02,4,1655.8,西安,男,41,拼多多,2024,4,15,2
U4685,杨奇博,P77175,连衣裙,服装,608.69,2024-01-24 14:28:13,2,1217.38,重庆,女,36,拼多多,2024,1,24,14
U4648,平邦坚,P19607,时尚杂志,书籍,573.73,2024-08-22 15:53:41,2,1147.46,深圳,男,37,拼多多,2024,8,22,15
U1941,彭超家,P20730,科幻小说,书籍,307.98,2024-12-29 12:09:43,4,1231.92,深圳,男,57,拼多多,2024,12,29,12
U4654,俞兴伯,P84926,T恤,服装,104.76,2024-03-08 12:53:40,1,104.76,成都,男,37,拼多多,2024,3,8,12
U3428,吕鸣善,P38271,智能手表,电子产品,4645.91,2024-10-19 01:03:09,4,18583.64,西安,女,55,拼多多,2024,10,19,1
U5241,姚乐,P12889,科幻小说,书籍,731.59,2024-11-06 05:45:14,2,1463.18,武汉,女,47,拼多多,2024,11,6,5
U7014,郎豪伟,P90059,卫衣,服装,491.78,2024-07-30 15:36:14,1,491.78,上海,男,44,拼多多,2024,7,30,15
U1585,严广,P82176,毛绒玩具,玩具,738.75,2024-08-06 17:27:31,3,2216.25,成都,女,60,拼多多,2024,8,6,17
U2459,沈光乐,P97898,心理学,书籍,334.16,2024-09-10 12:47:34,3,1002.48,南京,男,59,拼多多,2024,9,10,12
U8489,鲍邦行,P58486,粉底液,美妆,537.73,2024-08-22 04:52:49,1,537.73,苏州,女,64,拼多多,2024,8,22,4
U3442,吉榕有,P95787,平板电脑,电子产品,4338.09,2024-03-11 15:37:10,4,17352.36,上海,女,48,拼多多,2024,3,11,15
U1839,孟发杰,P36134,蓝牙耳机,电子产品,8223.44,2024-07-07 14:57:03,4,32893.76,广州,男,20,拼多多,2024,7,7,14
U4088,萧贵岩,P41128,桌游,玩具,570.76,2024-09-19 16:10:11,2,1141.52,苏州,男,51,拼多多,2024,9,19,16
U4535,严强,P55219,面霜,美妆,786.48,2024-08-09 20:09:30,3,2359.44,武汉,女,44,拼多多,2024,8,9,20
U1422,唐天梁,P94247,粉底液,美妆,483.7,2024-11-09 14:02:19,2,967.4,深圳,女,25,拼多多,2024,11,9,14
U2345,熊浩坚,P98056,技术教材,书籍,745.8,2024-03-20 16:27:14,4,2983.2,北京,男,54,拼多多,2024,3,20,16
U9133,费祥哲,P16127,香水,美妆,92.09,2024-04-16 14:30:59,4,368.36,南京,男,57,拼多多,2024,4,16,14
U8557,尤震思,P69349,防晒霜,美妆,195.68,2024-07-02 04:49:40,5,978.4,杭州,女,41,拼多多,2024,7,2,4
U3300,陈学胜,P58347,篮球,运动,49.01,2024-12-20 12:09:30,4,196.04,重庆,男,28,拼多多,2024,12,20,12
U9192,苏成,P71900,羽绒服,服装,311.61,2024-06-13 08:02:48,5,1558.05,西安,男,37,拼多多,2024,6,13,8
U8305,梁泽轮,P71200,平板电脑,电子产品,1754.3,2024-05-15 15:53:16,5,8771.5,苏州,男,25,拼多多,2024,5,15,15
U1416,赵风义,P78056,台灯,家居,1545.37,2024-09-07 00:30:35,3,4636.11,武汉,男,19,拼多多,2024,9,7,0
U7124,郝善,P70662,跳绳,运动,96.59,2024-06-13 12:05:16,4,386.36,天津,男,53,拼多多,2024,6,13,12
U2726,卞俊策,P97821,羽绒服,服装,164.14,2024-02-14 05:15:34,1,164.14,深圳,女,33,拼多多,2024,2,14,5
U6324,管宁,P59239,显示器,电子产品,5684.37,2024-03-30 04:43:27,4,22737.48,广州,男,30,拼多多,2024,3,30,4
U8025,韩磊钧,P41744,心理学,书籍,278.28,2024-09-10 08:12:32,3,834.84,重庆,女,45,拼多多,2024,9,10,8
U2222,路清昌,P53328,T恤,服装,698.49,2024-05-11 11:58:28,5,3492.45,天津,男,49,拼多多,2024,5,11,11
U6689,董有,P24507,哑铃,运动,562.88,2024-06-07 08:08:44,3,1688.64,重庆,男,23,拼多多,2024,6,7,8
U6131,邓家哲,P57930,显示器,电子产品,8464.32,2024-12-25 19:01:29,4,33857.28,北京,女,44,拼多多,2024,12,25,19
U9959,颜良祥,P56384,乐高积木,玩具,32.55,2024-02-29 16:20:12,4,130.2,西安,女,38,拼多多,2024,2,29,16
U6453,房保,P17244,收纳盒,家居,3512.2,2024-12-13 18:35:10,2,7024.4,重庆,女,37,拼多多,2024,12,13,18
U4594,顾辰策,P62642,智能手表,电子产品,3203.23,2024-08-03 20:32:26,5,16016.15,天津,男,50,拼多多,2024,8,3,20
U5388,花松厚,P70507,餐桌,家居,1056.89,2024-12-22 01:55:44,3,3170.67,南京,女,61,拼多多,2024,12,22,1
U1163,冯成鸣,P43727,沙发,家居,3800.76,2024-11-03 11:34:19,3,11402.28,上海,男,27,拼多多,2024,11,3,11
U3292,虞震策,P92397,洗发水,美妆,223.85,2024-05-15 00:21:52,4,895.4,成都,女,30,拼多多,2024,5,15,0
U2430,夏仁新,P80696,办公椅,家居,1581.23,2024-07-11 13:28:35,5,7906.15,西安,男,46,拼多多,2024,7,11,13
U7651,卜彪行,P96404,面霜,美妆,444.64,2024-09-11 02:15:29,4,1778.56,苏州,男,61,拼多多,2024,9,11,2
U6828,夏发顺,P55944,笔记本电脑,电子产品,7657.95,2024-01-26 01:46:13,2,15315.9,天津,男,51,拼多多,2024,1,26,1
U5482,邵友,P45075,抱枕,家居,712.8,2024-06-01 07:20:58,5,3564.0,上海,男,40,拼多多,2024,6,1,7
U8539,宋世顺,P84890,台灯,家居,850.2,2024-08-22 05:26:59,2,1700.4,武汉,男,50,拼多多,2024,8,22,5
U5868,萧清彬,P60798,漫画,书籍,690.46,2024-04-01 12:41:22,4,2761.84,苏州,女,31,拼多多,2024,4,1,12
U5563,苏广伦,P42900,T恤,服装,523.0,2024-08-22 14:59:21,2,1046.0,深圳,女,52,拼多多,2024,8,22,14
U7082,诸世元,P59668,抱枕,家居,194.65,2024-06-13 01:52:21,1,194.65,成都,男,36,拼多多,2024,6,13,1
U7236,卞功敬,P25225,技术教材,书籍,795.16,2024-09-11 11:17:10,4,3180.64,成都,女,41,拼多多,2024,9,11,11
U6491,颜钧,P78008,牛仔裤,服装,215.25,2024-04-11 23:18:05,3,645.75,北京,男,24,拼多多,2024,4,11,23
U6103,郁学心,P91624,充电宝,电子产品,7890.51,2024-12-14 13:32:05,5,39452.55,武汉,男,62,拼多多,2024,12,14,13
U6397,江清新,P79079,毛绒玩具,玩具,723.92,2024-05-30 02:05:40,5,3619.6,武汉,男,27,拼多多,2024,5,30,2
U3726,刁宁山,P26091,办公椅,家居,720.2,2024-04-19 23:12:37,3,2160.6,西安,男,24,拼多多,2024,4,19,23
U5171,宋利民,P75211,变形金刚,玩具,385.78,2024-10-01 09:34:19,4,1543.12,苏州,女,64,拼多多,2024,10,1,9
U4183,袁彬亨,P10241,显示器,电子产品,8030.58,2024-01-19 05:14:58,2,16061.16,深圳,女,28,拼多多,2024,1,19,5
U7022,鲍海彬,P59227,心理学,书籍,569.48,2024-02-22 21:14:41,3,1708.44,西安,女,46,拼多多,2024,2,22,21
U2583,魏生亮,P46338,桌游,玩具,268.17,2024-02-10 17:34:55,1,268.17,南京,男,53,拼多多,2024,2,10,17
U6418,成群,P90878,连衣裙,服装,357.26,2024-07-06 22:31:19,5,1786.3,广州,女,33,拼多多,2024,7,6,22
U4870,方良,P84415,芭比娃娃,玩具,371.86,2024-11-25 04:01:46,3,1115.58,天津,男,33,拼多多,2024,11,25,4
U5435,杨光,P45519,显示器,电子产品,7926.18,2024-05-23 16:38:29,1,7926.18,成都,男,29,拼多多,2024,5,23,16
U4627,经学和,P10295,抱枕,家居,343.18,2024-12-15 20:49:33,3,1029.54,天津,男,30,拼多多,2024,12,15,20
U4240,齐文,P53201,变形金刚,玩具,674.94,2024-10-05 12:32:02,4,2699.76,苏州,男,27,拼多多,2024,10,5,12
U5820,冯强超,P70388,卫衣,服装,779.88,2024-08-31 19:50:01,1,779.88,杭州,女,56,拼多多,2024,8,31,19
U2789,窦航翔,P88402,餐桌,家居,4199.32,2024-03-11 14:42:14,2,8398.64,杭州,男,50,拼多多,2024,3,11,14
U6196,苗永富,P71791,人物传记,书籍,752.94,2024-01-16 04:20:17,2,1505.88,武汉,男,60,拼多多,2024,1,16,4
U7320,万言彪,P28027,四件套,家居,2136.33,2024-01-14 05:25:08,4,8545.32,成都,男,61,拼多多,2024,1,14,5
U7522,蒋全,P20415,洗发水,美妆,759.26,2024-10-23 21:10:10,3,2277.78,杭州,女,57,拼多多,2024,10,23,21
U2524,袁光榕,P96853,变形金刚,玩具,122.79,2024-07-14 00:55:02,5,613.95,武汉,女,65,拼多多,2024,7,14,0
U3807,皮盛,P81135,粉底液,美妆,200.16,2024-09-06 07:16:52,5,1000.8,成都,女,23,拼多多,2024,9,6,7
U3634,伍进山,P70437,防晒霜,美妆,115.9,2024-04-10 23:03:04,5,579.5,上海,男,22,拼多多,2024,4,10,23
U6685,郎裕梁,P16269,遥控车,玩具,141.71,2024-05-24 02:42:11,2,283.42,深圳,女,31,拼多多,2024,5,24,2
U1438,昝元,P26903,台灯,家居,2423.81,2024-01-10 21:11:44,4,9695.24,北京,女,55,拼多多,2024,1,10,21
U2019,干星俊,P53084,洗发水,美妆,668.81,2024-12-09 14:20:30,5,3344.05,重庆,男,56,拼多多,2024,12,9,14
U5463,卫炎信,P48781,T恤,服装,130.64,2024-03-15 13:38:56,5,653.2,苏州,女,34,拼多多,2024,3,15,13
U4376,罗承泰,P79878,跑步鞋,运动,537.29,2024-06-19 04:56:25,2,1074.58,上海,女,64,拼多多,2024,6,19,4
U7194,庞中旭,P94576,收纳盒,家居,1838.82,2024-09-06 13:09:17,1,1838.82,武汉,男,46,拼多多,2024,9,6,13
U6188,祁雄,P62272,显示器,电子产品,2720.91,2024-05-11 12:26:29,1,2720.91,重庆,女,54,拼多多,2024,5,11,12
U7037,明世,P53471,哑铃,运动,513.56,2024-12-18 20:38:12,1,513.56,南京,男,39,拼多多,2024,12,18,20
U2994,管学全,P21297,羽毛球拍,运动,187.38,2024-01-06 13:22:47,1,187.38,天津,男,35,拼多多,2024,1,6,13
U6402,裘中维,P81695,化妆刷套装,美妆,679.01,2024-09-13 07:43:40,5,3395.05,北京,女,37,拼多多,2024,9,13,7
U6697,乐龙致,P96166,面霜,美妆,84.16,2024-08-14 23:47:21,5,420.8,苏州,男,21,拼多多,2024,8,14,23
U7464,庞鹏旭,P60854,遥控车,玩具,440.82,2024-07-06 19:34:20,3,1322.46,重庆,男,24,拼多多,2024,7,6,19
U4972,冯光,P70739,平板电脑,电子产品,884.66,2024-07-27 15:05:07,4,3538.64,成都,女,41,拼多多,2024,7,27,15
U4857,虞文榕,P33695,桌游,玩具,163.08,2024-03-24 21:05:44,5,815.4,苏州,女,19,拼多多,2024,3,24,21
U7831,韦行,P31163,收纳盒,家居,204.03,2024-01-03 01:05:55,4,816.12,深圳,女,28,拼多多,2024,1,3,1
U1595,水清,P48038,桌游,玩具,808.08,2024-10-03 20:33:18,1,808.08,成都,男,53,拼多多,2024,10,3,20
U5551,施敬,P96945,心理学,书籍,527.76,2024-12-15 15:16:55,5,2638.8,苏州,女,36,拼多多,2024,12,15,15
U4766,秦兴星,P10045,芭比娃娃,玩具,94.49,2024-12-05 21:49:26,3,283.47,广州,男,42,拼多多,2024,12,5,21
U8817,贺康昌,P37859,科幻小说,书籍,518.47,2024-08-23 15:22:19,1,518.47,西安,女,63,拼多多,2024,8,23,15
U7401,平航民,P62051,牛仔裤,服装,807.33,2024-08-27 07:51:18,3,2421.99,天津,女,43,拼多多,2024,8,27,7
U5047,危子壮,P90598,桌游,玩具,41.0,2024-02-08 23:33:26,5,205.0,北京,男,38,拼多多,2024,2,8,23
U8787,熊启,P26781,运动鞋,服装,148.47,2024-07-26 09:18:51,4,593.88,武汉,女,18,拼多多,2024,7,26,9
U8076,严奇彪,P26490,运动鞋,服装,583.3,2024-09-01 09:49:31,2,1166.6,杭州,女,29,拼多多,2024,9,1,9
U3552,柯奇光,P35142,哑铃,运动,195.51,2024-04-24 14:48:49,5,977.55,重庆,女,35,拼多多,2024,4,24,14
U9830,舒志,P70127,连衣裙,服装,50.25,2024-09-08 16:45:50,2,100.5,南京,女,34,拼多多,2024,9,8,16
U7474,卫保震,P93569,科幻小说,书籍,433.57,2024-06-24 00:33:39,3,1300.71,广州,女,21,拼多多,2024,6,24,0
U4502,傅栋明,P44676,香水,美妆,712.55,2024-09-30 19:11:33,5,3562.75,北京,女,24,拼多多,2024,9,30,19
U5933,柏平生,P49039,智能手机,电子产品,1397.48,2024-03-22 11:46:33,3,4192.44,广州,女,26,拼多多,2024,3,22,11
U6081,茅豪广,P82206,运动鞋,服装,100.32,2024-03-30 14:31:03,1,100.32,成都,男,49,拼多多,2024,3,30,14
U9799,米清,P13436,显示器,电子产品,1634.67,2024-09-08 03:05:41,2,3269.34,西安,男,49,拼多多,2024,9,8,3
U1024,史新进,P56221,时尚杂志,书籍,781.53,2024-08-29 13:39:19,3,2344.59,北京,男,41,拼多多,2024,8,29,13
U9476,于健江,P70216,卫衣,服装,46.32,2024-02-19 02:27:38,3,138.96,天津,女,35,拼多多,2024,2,19,2
U6543,平子超,P91918,智能手表,电子产品,2640.07,2024-02-20 23:43:14,2,5280.14,深圳,男,24,拼多多,2024,2,20,23
U5995,喻有松,P38330,台灯,家居,103.69,2024-05-19 23:16:52,3,311.07,苏州,女,39,拼多多,2024,5,19,23
U5189,岑康斌,P15492,化妆刷套装,美妆,531.47,2024-06-14 16:43:54,2,1062.94,杭州,男,53,拼多多,2024,6,14,16
U8494,奚钧有,P46214,山地车,运动,469.92,2024-04-25 13:35:54,3,1409.76,武汉,男,19,拼多多,2024,4,25,13
U3613,章福胜,P53890,科幻小说,书籍,92.63,2024-05-26 22:31:54,5,463.15,上海,女,25,拼多多,2024,5,26,22
U8928,许彬,P62645,面霜,美妆,50.74,2024-07-17 22:05:19,4,202.96,西安,男,52,拼多多,2024,7,17,22
U2252,邹裕时,P27400,面霜,美妆,248.58,2024-01-21 11:29:52,2,497.16,南京,女,40,拼多多,2024,1,21,11
U6159,罗新祥,P92635,瑜伽垫,运动,783.56,2024-07-27 23:36:34,5,3917.8,西安,女,32,拼多多,2024,7,27,23
U9274,成功明,P90387,智能手机,电子产品,2909.6,2024-04-25 17:49:24,4,11638.4,西安,女,26,拼多多,2024,4,25,17
U3737,祝辰乐,P85810,蓝牙耳机,电子产品,6957.45,2024-06-19 20:47:54,3,20872.35,深圳,男,61,拼多多,2024,6,19,20
U8345,路进昌,P25990,显示器,电子产品,8433.94,2024-08-31 14:59:19,2,16867.88,上海,女,38,拼多多,2024,8,31,14
U7175,潘彬坚,P87582,毛绒玩具,玩具,310.55,2024-01-21 22:07:58,1,310.55,西安,女,21,拼多多,2024,1,21,22
U7011,孟德言,P53425,餐桌,家居,1061.55,2024-08-30 14:36:09,4,4246.2,重庆,女,18,拼多多,2024,8,30,14
U1561,王心义,P83232,平板电脑,电子产品,1004.5,2024-07-05 14:02:57,4,4018.0,武汉,男,61,拼多多,2024,7,5,14
U3828,卫元栋,P46076,防晒霜,美妆,459.65,2024-04-01 13:29:08,4,1838.6,北京,女,34,拼多多,2024,4,1,13
U2180,唐强庆,P12744,餐桌,家居,2234.91,2024-05-06 09:50:58,5,11174.55,广州,男,45,拼多多,2024,5,6,9
U3360,雷以策,P54104,桌游,玩具,66.08,2024-08-29 00:23:23,5,330.4,天津,男,60,拼多多,2024,8,29,0
U5756,禹贵,P20771,夹克,服装,335.79,2024-04-05 03:39:41,5,1678.95,深圳,女,20,拼多多,2024,4,5,3
U3022,余福有,P51202,毛绒玩具,玩具,181.02,2024-05-27 06:49:09,3,543.06,杭州,女,34,拼多多,2024,5,27,6
U1913,高伯中,P61456,羽毛球拍,运动,198.78,2024-04-01 21:07:23,1,198.78,成都,女,47,拼多多,2024,4,1,21
U4228,虞全,P45527,桌游,玩具,103.19,2024-04-01 17:56:00,1,103.19,上海,女,28,拼多多,2024,4,1,17
U6699,黄民功,P60262,桌游,玩具,56.48,2024-11-28 13:08:08,5,282.4,上海,男,48,拼多多,2024,11,28,13
U5837,周朋,P38628,人物传记,书籍,607.48,2024-06-11 07:00:27,1,607.48,南京,男,42,拼多多,2024,6,11,7
U7945,滕雄哲,P29827,卫衣,服装,552.85,2024-10-14 12:35:52,4,2211.4,杭州,男,29,拼多多,2024,10,14,12
U2328,童江,P53921,笔记本电脑,电子产品,5342.86,2024-10-27 10:58:24,2,10685.72,深圳,女,40,拼多多,2024,10,27,10
U7588,俞之,P71637,餐桌,家居,4217.96,2024-01-14 21:59:45,1,4217.96,苏州,男,46,拼多多,2024,1,14,21
U2188,伍翔,P42175,夹克,服装,59.09,2024-09-18 04:35:15,5,295.45,西安,男,21,拼多多,2024,9,18,4
U3335,纪伟松,P62532,面霜,美妆,408.86,2024-02-07 12:26:17,1,408.86,杭州,男,45,拼多多,2024,2,7,12
U1962,梅心雄,P77231,遥控车,玩具,601.15,2024-06-29 00:14:47,1,601.15,北京,男,22,拼多多,2024,6,29,0
U3571,郑琛军,P36382,遥控车,玩具,430.59,2024-06-19 18:40:37,3,1291.77,南京,女,54,拼多多,2024,6,19,18
U9784,颜启震,P83782,羽毛球拍,运动,696.38,2024-10-06 10:50:39,1,696.38,苏州,女,57,拼多多,2024,10,6,10
U5553,安浩宏,P12487,芭比娃娃,玩具,385.84,2024-02-02 03:16:30,2,771.68,杭州,男,29,拼多多,2024,2,2,3
U3103,贲岩,P39107,拼图,玩具,678.85,2024-11-25 11:43:05,2,1357.7,上海,男,31,拼多多,2024,11,25,11
U6370,孟谦峰,P98362,显示器,电子产品,5002.19,2024-03-26 16:52:13,1,5002.19,成都,男,45,拼多多,2024,3,26,16
U4896,经伦群,P70385,餐桌,家居,1742.81,2024-01-30 23:41:23,4,6971.24,杭州,男,41,拼多多,2024,1,30,23
U3355,盛承固,P26808,羽绒服,服装,179.62,2024-02-29 03:15:23,1,179.62,苏州,女,41,拼多多,2024,2,29,3
U2473,汤龙,P73109,连衣裙,服装,507.42,2024-06-27 13:47:16,5,2537.1,天津,女,47,拼多多,2024,6,27,13
U7433,蔡伯平,P42200,跑步鞋,运动,730.77,2024-01-13 01:56:06,5,3653.85,重庆,男,28,拼多多,2024,1,13,1
U9421,雷鸣,P68272,哑铃,运动,353.62,2024-06-03 18:13:14,4,1414.48,杭州,女,52,拼多多,2024,6,3,18
U9260,田达厚,P89250,显示器,电子产品,1555.91,2024-11-20 13:56:32,3,4667.73,武汉,男,64,拼多多,2024,11,20,13
U2436,周树,P77914,智能手机,电子产品,1532.02,2024-03-09 03:03:35,3,4596.06,上海,女,43,拼多多,2024,3,9,3
U7397,干友之,P76317,蓝牙耳机,电子产品,4393.37,2024-02-20 22:15:47,3,13180.11,深圳,男,46,拼多多,2024,2,20,22
U1698,伍庆胜,P76436,口红,美妆,403.46,2024-02-05 19:30:14,2,806.92,西安,男,49,拼多多,2024,2,5,19
U6872,舒民维,P58637,面霜,美妆,279.52,2024-12-17 14:25:53,1,279.52,成都,男,56,拼多多,2024,12,17,14
U1525,缪龙,P24671,羽毛球拍,运动,660.51,2024-11-08 12:27:04,4,2642.04,重庆,女,58,拼多多,2024,11,8,12
U9484,谢翰树,P56717,沙发,家居,2408.23,2024-04-09 14:51:44,3,7224.69,武汉,女,21,拼多多,2024,4,9,14
U4610,舒雄良,P28918,智能手机,电子产品,7990.34,2024-10-27 04:03:52,3,23971.02,杭州,女,43,拼多多,2024,10,27,4
U1780,卜祥,P25842,变形金刚,玩具,292.71,2024-02-08 09:00:55,2,585.42,北京,女,53,拼多多,2024,2,8,9
U9643,华奇,P88463,变形金刚,玩具,412.05,2024-04-06 01:23:20,3,1236.15,广州,女,55,拼多多,2024,4,6,1
U3803,汤友亮,P35272,粉底液,美妆,613.63,2024-07-03 10:15:11,3,1840.89,天津,女,31,拼多多,2024,7,3,10
U8838,汤钧,P19449,夹克,服装,157.01,2024-04-28 23:12:53,3,471.03,武汉,男,41,拼多多,2024,4,28,23
U5258,支航壮,P50896,显示器,电子产品,1973.44,2024-01-01 07:28:45,2,3946.88,苏州,女,40,拼多多,2024,1,1,7
U1871,崔壮裕,P96538,平板电脑,电子产品,3464.63,2024-07-23 16:48:18,3,10393.89,南京,女,43,拼多多,2024,7,23,16
U3128,管思楠,P38498,技术教材,书籍,311.44,2024-04-02 00:03:00,4,1245.76,武汉,女,41,拼多多,2024,4,2,0
U6842,纪保晨,P34122,卫衣,服装,761.06,2024-08-30 21:33:13,1,761.06,武汉,男,36,拼多多,2024,8,30,21
U5069,支善,P99878,羽绒服,服装,327.32,2024-12-02 05:40:04,3,981.96,南京,男,31,拼多多,2024,12,2,5
U7819,尹元,P26827,卫衣,服装,613.2,2024-04-16 22:44:02,4,2452.8,苏州,女,54,拼多多,2024,4,16,22
U5299,于胜发,P99907,智能手机,电子产品,5426.65,2024-11-07 04:27:05,2,10853.3,杭州,男,51,拼多多,2024,11,7,4
U2475,殷琛利,P62360,口红,美妆,369.71,2024-04-27 05:36:31,3,1109.13,深圳,女,56,拼多多,2024,4,27,5
U9845,袁海斌,P98313,变形金刚,玩具,588.17,2024-09-23 09:32:34,4,2352.68,深圳,女,33,拼多多,2024,9,23,9
U9020,蒋义,P74867,口红,美妆,329.56,2024-02-27 05:18:43,3,988.68,北京,男,32,拼多多,2024,2,27,5
U7741,高飞腾,P35191,粉底液,美妆,370.17,2024-03-28 07:25:29,3,1110.51,北京,男,55,拼多多,2024,3,28,7
U5563,邓平,P83143,面霜,美妆,539.46,2024-01-03 20:53:59,5,2697.3,杭州,男,25,拼多多,2024,1,3,20
U8632,罗鸣俊,P34801,洗发水,美妆,567.33,2024-10-24 20:21:01,2,1134.66,武汉,男,52,拼多多,2024,10,24,20
U8212,解中启,P31478,羽毛球拍,运动,348.71,2024-08-13 05:42:19,2,697.42,天津,男,50,拼多多,2024,8,13,5
U3049,苗星榕,P82533,篮球,运动,826.15,2024-02-07 04:22:25,3,2478.45,重庆,女,51,拼多多,2024,2,7,4
U4425,熊平友,P39137,充电宝,电子产品,3866.62,2024-09-04 16:17:46,5,19333.1,南京,男,24,拼多多,2024,9,4,16
U8999,唐群河,P16504,口红,美妆,381.8,2024-04-23 15:10:51,2,763.6,上海,男,58,拼多多,2024,4,23,15
U1396,颜亮振,P98874,羽绒服,服装,27.64,2024-05-31 12:04:51,4,110.56,天津,男,21,拼多多,2024,5,31,12
U8373,梅伦良,P45099,平板电脑,电子产品,8270.85,2024-07-13 10:11:20,3,24812.55,杭州,女,53,拼多多,2024,7,13,10
U9244,樊昌毅,P27094,抱枕,家居,2729.04,2024-02-25 16:10:16,1,2729.04,上海,女,34,拼多多,2024,2,25,16
U1535,周健绍,P60273,洗发水,美妆,552.79,2024-12-22 06:11:31,5,2763.95,重庆,男,55,拼多多,2024,12,22,6
U3613,江河全,P39311,蓝牙耳机,电子产品,6774.76,2024-03-12 02:56:22,1,6774.76,上海,女,32,拼多多,2024,3,12,2
U8779,王磊,P17842,跑步鞋,运动,177.22,2024-10-29 21:00:00,5,886.1,天津,男,65,拼多多,2024,10,29,21
U2217,路承,P69222,时尚杂志,书籍,610.75,2024-08-25 16:59:58,2,1221.5,西安,女,23,拼多多,2024,8,25,16
U2884,包克力,P14178,抱枕,家居,640.33,2024-07-14 17:13:08,2,1280.66,重庆,女,65,拼多多,2024,7,14,17
U2760,邬琛发,P97186,餐桌,家居,3205.58,2024-03-08 23:56:05,5,16027.9,南京,女,47,拼多多,2024,3,8,23
U1706,冯才,P51404,人物传记,书籍,65.75,2024-12-02 16:24:06,5,328.75,上海,女,20,拼多多,2024,12,2,16
U8764,葛强勇,P91746,抱枕,家居,2897.68,2024-08-14 05:26:54,5,14488.4,武汉,男,36,拼多多,2024,8,14,5
U2392,舒伦仁,P36212,面霜,美妆,633.43,2024-10-26 12:21:08,3,1900.29,重庆,女,23,拼多多,2024,10,26,12
U5281,蒋士,P32486,智能手表,电子产品,3276.39,2024-12-17 11:37:27,5,16381.95,天津,女,19,拼多多,2024,12,17,11
U3356,成翔以,P78981,洗发水,美妆,626.71,2024-07-17 11:26:01,5,3133.55,重庆,女,21,拼多多,2024,7,17,11
U9778,时泽敬,P28934,时尚杂志,书籍,425.76,2024-03-05 17:59:21,4,1703.04,成都,男,56,拼多多,2024,3,5,17
U6412,童邦友,P18740,人物传记,书籍,686.93,2024-05-21 23:18:03,3,2060.79,上海,女,40,拼多多,2024,5,21,23
U3411,江钧,P77260,台灯,家居,3412.21,2024-08-23 11:01:31,4,13648.84,成都,男,29,拼多多,2024,8,23,11
U2027,韩武富,P28122,拼图,玩具,441.1,2024-08-22 22:57:22,3,1323.3,广州,女,44,拼多多,2024,8,22,22
U7591,计东士,P42259,粉底液,美妆,420.45,2024-11-26 12:32:42,4,1681.8,重庆,男,42,拼多多,2024,11,26,12
U8646,平福学,P57446,拼图,玩具,381.23,2024-08-13 17:06:03,3,1143.69,西安,男,48,拼多多,2024,8,13,17
U5315,岑坚磊,P89854,平板电脑,电子产品,4521.3,2024-01-31 05:11:07,5,22606.5,武汉,女,46,拼多多,2024,1,31,5
U6050,费风龙,P60483,跳绳,运动,433.19,2024-10-08 12:37:01,5,2165.95,苏州,男,46,拼多多,2024,10,8,12
U3883,李弘利,P31519,口红,美妆,840.78,2024-02-06 17:12:31,4,3363.12,深圳,男,21,拼多多,2024,2,6,17
U6292,宋家民,P94692,时尚杂志,书籍,108.86,2024-11-23 21:15:00,3,326.58,深圳,女,37,拼多多,2024,11,23,21
U1575,危承山,P75049,粉底液,美妆,764.0,2024-08-17 10:57:42,2,1528.0,南京,女,48,拼多多,2024,8,17,10
U4159,柯琛波,P55622,遥控车,玩具,217.74,2024-04-18 13:10:49,1,217.74,天津,男,57,拼多多,2024,4,18,13
U8654,许雄,P65062,芭比娃娃,玩具,191.27,2024-03-05 20:45:22,3,573.81,北京,女,23,拼多多,2024,3,5,20
U6608,林仁辉,P12187,遥控车,玩具,301.05,2024-09-03 17:47:29,2,602.1,杭州,男,53,拼多多,2024,9,3,17
U2590,祁若鹏,P96494,面霜,美妆,264.25,2024-01-19 22:43:58,5,1321.25,广州,男,41,拼多多,2024,1,19,22
U7340,刁河鸣,P30260,智能手机,电子产品,7302.25,2024-11-09 09:57:12,2,14604.5,西安,男,28,拼多多,2024,11,9,9
U1690,管腾,P31547,变形金刚,玩具,694.65,2024-05-09 10:20:24,2,1389.3,重庆,女,64,拼多多,2024,5,9,10
U6329,应朋,P81562,餐桌,家居,2557.29,2024-03-13 04:53:51,4,10229.16,上海,男,23,拼多多,2024,3,13,4
U1639,杨安绍,P68418,智能手表,电子产品,5183.24,2024-09-27 07:29:04,5,25916.2,北京,女,26,拼多多,2024,9,27,7
U2068,奚子星,P32847,口红,美妆,64.71,2024-10-11 14:05:47,3,194.13,武汉,男,30,拼多多,2024,10,11,14
U9824,冯超博,P10973,四件套,家居,1136.34,2024-03-02 06:37:34,5,5681.7,重庆,女,28,拼多多,2024,3,2,6
U3746,郑弘若,P26014,科幻小说,书籍,802.64,2024-05-17 23:55:07,5,4013.2,北京,男,58,拼多多,2024,5,17,23
U2451,章志学,P20845,显示器,电子产品,2650.52,2024-07-08 08:07:11,1,2650.52,南京,女,43,拼多多,2024,7,8,8
U7745,严峰辰,P25480,羽绒服,服装,44.02,2024-12-12 02:05:54,4,176.08,上海,女,49,拼多多,2024,12,12,2
U7919,尤斌,P47323,遥控车,玩具,583.65,2024-12-03 10:45:46,2,1167.3,西安,女,18,拼多多,2024,12,3,10
U9471,章子,P47094,科幻小说,书籍,650.65,2024-02-24 11:53:51,1,650.65,上海,男,25,拼多多,2024,2,24,11
U7886,吴涛平,P57440,跳绳,运动,332.15,2024-11-01 23:57:30,4,1328.6,重庆,男,30,拼多多,2024,11,1,23
U5371,纪学发,P41182,哑铃,运动,805.7,2024-12-21 17:52:49,3,2417.1,杭州,女,58,拼多多,2024,12,21,17
U4917,褚豪维,P57722,羽绒服,服装,338.78,2024-11-09 15:01:25,1,338.78,苏州,男,57,拼多多,2024,11,9,15
U1236,庞元,P57794,山地车,运动,334.96,2024-10-11 15:06:15,5,1674.8,成都,男,52,拼多多,2024,10,11,15
U1053,郑绍,P82906,收纳盒,家居,1091.6,2024-05-12 13:12:07,4,4366.4,成都,女,64,拼多多,2024,5,12,13
U7892,华进伟,P93970,充电宝,电子产品,4968.18,2024-08-19 01:13:26,4,19872.72,重庆,女,39,拼多多,2024,8,19,1
U3386,贝世,P66619,智能手机,电子产品,1806.02,2024-01-31 22:25:55,4,7224.08,重庆,男,57,拼多多,2024,1,31,22
U7469,干楠振,P34221,跳绳,运动,805.2,2024-10-04 17:23:51,3,2415.6,北京,女,18,拼多多,2024,10,4,17
U2350,苏茂朋,P63510,心理学,书籍,740.79,2024-04-29 05:04:56,5,3703.95,天津,女,39,拼多多,2024,4,29,5
U6959,平功有,P39302,拼图,玩具,92.9,2024-03-20 15:02:30,3,278.7,武汉,女,37,拼多多,2024,3,20,15
U6643,廉力平,P80192,收纳盒,家居,3267.67,2024-11-19 09:06:47,4,13070.68,深圳,男,39,拼多多,2024,11,19,9
U3571,洪星生,P31376,办公椅,家居,1339.61,2024-10-03 15:40:19,4,5358.44,北京,女,41,拼多多,2024,10,3,15
U7607,唐功,P13940,牛仔裤,服装,566.64,2024-05-07 00:52:47,4,2266.56,武汉,男,24,拼多多,2024,5,7,0
U6231,喻承,P40428,山地车,运动,435.12,2024-10-28 17:08:37,1,435.12,成都,男,44,拼多多,2024,10,28,17
U7700,宋有翰,P21864,笔记本电脑,电子产品,7068.79,2024-02-05 11:23:26,2,14137.58,深圳,女,39,拼多多,2024,2,5,11
U3284,湛谦邦,P52010,变形金刚,玩具,166.42,2024-02-28 19:50:59,3,499.26,杭州,女,27,拼多多,2024,2,28,19
U7534,单林武,P88209,羽毛球拍,运动,504.66,2024-10-19 05:43:43,2,1009.32,上海,女,56,拼多多,2024,10,19,5
U8044,尤伟,P57202,收纳盒,家居,3408.92,2024-10-28 05:54:31,3,10226.76,上海,男,21,拼多多,2024,10,28,5
U8228,闵若奇,P50006,羽绒服,服装,167.52,2024-01-12 00:33:10,2,335.04,重庆,男,47,拼多多,2024,1,12,0
U5122,李宁光,P85149,四件套,家居,2441.24,2024-06-08 09:37:52,3,7323.72,广州,男,36,拼多多,2024,6,8,9
U4234,娄星善,P55806,收纳盒,家居,4085.93,2024-04-26 09:04:40,4,16343.72,重庆,女,59,拼多多,2024,4,26,9
U5053,夏安,P83414,收纳盒,家居,3494.38,2024-02-24 21:46:40,4,13977.52,北京,男,32,拼多多,2024,2,24,21
U6136,狄策,P82189,篮球,运动,255.87,2024-05-17 07:43:04,5,1279.35,南京,女,22,拼多多,2024,5,17,7
U5565,薛泽之,P26967,口红,美妆,510.37,2024-05-13 09:27:59,4,2041.48,重庆,女,58,拼多多,2024,5,13,9
U5775,鲍翰思,P39313,变形金刚,玩具,164.92,2024-06-28 09:22:21,5,824.6,杭州,女,33,拼多多,2024,6,28,9
U7969,汪学,P67340,化妆刷套装,美妆,110.84,2024-08-03 22:00:38,1,110.84,成都,男,19,拼多多,2024,8,3,22
U7141,贾朗以,P32540,心理学,书籍,557.46,2024-11-23 18:43:12,2,1114.92,杭州,女,38,拼多多,2024,11,23,18
U3715,鲁辉星,P14903,变形金刚,玩具,603.5,2024-07-26 12:23:20,2,1207.0,杭州,男,47,拼多多,2024,7,26,12
U6963,史军学,P29932,口红,美妆,371.3,2024-09-24 11:53:20,3,1113.9,西安,男,38,拼多多,2024,9,24,11
U5782,花之祥,P26596,瑜伽垫,运动,671.08,2024-01-08 22:53:25,1,671.08,苏州,男,55,拼多多,2024,1,8,22
U5738,包建,P79037,毛绒玩具,玩具,463.4,2024-11-15 03:31:40,2,926.8,重庆,女,28,拼多多,2024,11,15,3
U8336,孙兴坚,P65419,连衣裙,服装,349.02,2024-12-12 19:52:08,1,349.02,重庆,女,64,拼多多,2024,12,12,19
U2580,舒林军,P70432,时尚杂志,书籍,771.77,2024-12-25 16:54:13,1,771.77,深圳,女,35,拼多多,2024,12,25,16
U6012,时若斌,P31913,羽毛球拍,运动,576.14,2024-11-07 02:57:59,5,2880.7,成都,女,45,拼多多,2024,11,7,2
U3359,张时,P44760,蓝牙耳机,电子产品,3335.38,2024-10-14 15:23:45,4,13341.52,重庆,女,62,拼多多,2024,10,14,15
U8960,樊维平,P84168,羽绒服,服装,195.54,2024-03-24 21:54:03,4,782.16,深圳,男,59,拼多多,2024,3,24,21
U7393,任超超,P26605,跳绳,运动,227.86,2024-10-05 18:26:38,3,683.58,天津,男,22,拼多多,2024,10,5,18
U5852,元刚豪,P80202,连衣裙,服装,631.74,2024-07-23 03:25:37,4,2526.96,天津,男,19,拼多多,2024,7,23,3
U6958,和克子,P64271,蓝牙耳机,电子产品,5394.63,2024-07-18 18:07:37,1,5394.63,苏州,女,31,拼多多,2024,7,18,18
U7720,危哲家,P38318,运动鞋,服装,146.0,2024-03-24 04:39:42,4,584.0,成都,男,20,拼多多,2024,3,24,4
U4028,席元,P99383,蓝牙耳机,电子产品,1538.38,2024-11-22 10:24:13,2,3076.76,上海,女,18,拼多多,2024,11,22,10
U2116,田盛学,P40040,人物传记,书籍,84.32,2024-11-22 05:43:02,3,252.96,广州,男,24,拼多多,2024,11,22,5
U7456,梁杰榕,P35778,收纳盒,家居,2870.84,2024-06-05 23:30:30,4,11483.36,广州,女,61,拼多多,2024,6,5,23
U8458,方贵厚,P80824,时尚杂志,书籍,434.04,2024-10-07 01:28:12,1,434.04,成都,女,39,拼多多,2024,10,7,1
U9659,鲁平若,P20499,显示器,电子产品,2159.0,2024-04-26 20:32:06,2,4318.0,苏州,男,36,拼多多,2024,4,26,20
U1280,林超,P81080,笔记本电脑,电子产品,4976.42,2024-12-23 23:13:00,3,14929.26,武汉,女,31,拼多多,2024,12,23,23
U5683,缪彬,P64628,平板电脑,电子产品,2969.52,2024-11-16 21:46:59,5,14847.6,天津,女,54,拼多多,2024,11,16,21
U1416,倪以心,P96113,T恤,服装,207.62,2024-04-21 18:36:24,4,830.48,苏州,女,64,拼多多,2024,4,21,18
U4995,许泽朋,P57309,夹克,服装,575.25,2024-06-10 10:47:56,5,2876.25,天津,男,21,拼多多,2024,6,10,10
U9195,曹腾岩,P82448,毛绒玩具,玩具,779.57,2024-06-20 17:35:35,4,3118.28,成都,女,29,拼多多,2024,6,20,17
U3290,凤健,P68368,山地车,运动,327.68,2024-04-08 10:10:25,1,327.68,天津,男,27,拼多多,2024,4,8,10
U4469,樊民全,P60833,夹克,服装,794.82,2024-02-24 14:41:28,3,2384.46,成都,男,31,拼多多,2024,2,24,14
U8478,盛胜杰,P15076,蓝牙耳机,电子产品,6204.49,2024-10-28 10:41:53,3,18613.47,广州,男,30,拼多多,2024,10,28,10
U1029,常腾东,P91705,显示器,电子产品,5697.2,2024-07-09 12:01:30,5,28486.0,西安,男,48,拼多多,2024,7,9,12
U7327,于胜旭,P13299,乐高积木,玩具,449.37,2024-07-02 08:55:31,2,898.74,上海,男,34,拼多多,2024,7,2,8
U7478,吴振,P44523,牛仔裤,服装,272.69,2024-09-23 09:30:55,4,1090.76,广州,男,61,拼多多,2024,9,23,9
U6464,和时,P18790,办公椅,家居,1566.99,2024-01-15 10:07:04,5,7834.95,武汉,女,57,拼多多,2024,1,15,10
U7224,高克,P65918,瑜伽垫,运动,449.04,2024-03-05 00:32:20,2,898.08,上海,男,62,拼多多,2024,3,5,0
U9586,姜龙天,P80870,瑜伽垫,运动,519.77,2024-09-25 00:12:54,2,1039.54,成都,男,47,拼多多,2024,9,25,0
U3962,穆以,P79207,变形金刚,玩具,574.35,2024-04-21 04:33:39,1,574.35,重庆,男,36,拼多多,2024,4,21,4
U3229,岑亮,P28170,平板电脑,电子产品,2759.98,2024-09-20 00:29:58,4,11039.92,武汉,女,19,拼多多,2024,9,20,0
U4684,凌会,P34288,乐高积木,玩具,830.35,2024-01-06 19:04:58,5,4151.75,西安,男,41,拼多多,2024,1,6,19
U6811,杜豪楠,P15416,人物传记,书籍,26.51,2024-09-07 22:26:35,3,79.53,苏州,女,21,拼多多,2024,9,7,22
U7837,屈河盛,P70247,化妆刷套装,美妆,605.08,2024-03-25 02:05:57,4,2420.32,成都,男,52,拼多多,2024,3,25,2
U9590,熊心达,P96551,餐桌,家居,353.62,2024-12-06 06:27:12,2,707.24,上海,男,52,拼多多,2024,12,6,6
U5630,崔斌,P14327,变形金刚,玩具,755.47,2024-09-04 10:30:59,5,3777.35,深圳,男,32,拼多多,2024,9,4,10
U4673,倪松行,P41050,化妆刷套装,美妆,201.86,2024-08-27 12:13:10,2,403.72,杭州,女,21,拼多多,2024,8,27,12
U9859,安启心,P55427,台灯,家居,731.23,2024-09-01 07:22:30,3,2193.69,深圳,男,20,拼多多,2024,9,1,7
U9482,颜泽朋,P87260,漫画,书籍,575.99,2024-02-12 05:35:37,2,1151.98,天津,男,55,拼多多,2024,2,12,5
U2759,韩树思,P42612,沙发,家居,3561.26,2024-08-25 00:23:13,5,17806.3,天津,男,41,拼多多,2024,8,25,0
U9870,齐亨,P83447,遥控车,玩具,461.8,2024-10-02 02:16:25,3,1385.4,西安,男,44,拼多多,2024,10,2,2
U8168,夏勇,P24568,毛绒玩具,玩具,395.2,2024-03-16 16:38:37,3,1185.6,武汉,女,51,拼多多,2024,3,16,16
U1613,范武兴,P44005,台灯,家居,1599.56,2024-10-26 16:51:16,4,6398.24,成都,男,22,拼多多,2024,10,26,16
U7046,罗松子,P52226,漫画,书籍,808.24,2024-08-17 15:59:17,5,4041.2,杭州,男,55,拼多多,2024,8,17,15
U7186,俞岩平,P94554,变形金刚,玩具,162.76,2024-12-08 05:44:04,4,651.04,北京,女,36,拼多多,2024,12,8,5
U4850,彭先裕,P44213,抱枕,家居,595.52,2024-11-02 21:27:10,5,2977.6,深圳,男,32,拼多多,2024,11,2,21
U3698,陶泰楠,P68223,羽毛球拍,运动,342.46,2024-03-31 06:39:48,4,1369.84,重庆,女,32,拼多多,2024,3,31,6
U3935,元伯,P49254,防晒霜,美妆,346.23,2024-06-08 19:56:01,2,692.46,成都,女,55,拼多多,2024,6,8,19
U6164,雷辰先,P76772,人物传记,书籍,513.97,2024-03-15 06:45:25,2,1027.94,武汉,男,39,拼多多,2024,3,15,6
U9424,宣博树,P96679,时尚杂志,书籍,531.67,2024-04-18 05:54:42,4,2126.68,成都,男,60,拼多多,2024,4,18,5
U4623,徐友发,P62151,化妆刷套装,美妆,397.76,2024-10-20 20:45:27,1,397.76,杭州,男,21,拼多多,2024,10,20,20
U3459,虞邦,P23755,乐高积木,玩具,328.71,2024-01-16 18:58:16,2,657.42,苏州,男,25,拼多多,2024,1,16,18
U3355,何榕绍,P85002,芭比娃娃,玩具,346.57,2024-07-26 22:05:27,5,1732.85,天津,男,37,拼多多,2024,7,26,22
U8012,邬明轮,P15804,平板电脑,电子产品,1696.68,2024-06-22 12:04:12,5,8483.4,天津,女,44,拼多多,2024,6,22,12
U5048,贺贵,P97422,连衣裙,服装,174.3,2024-03-15 23:44:20,4,697.2,北京,女,59,拼多多,2024,3,15,23
U4182,韦民振,P39807,变形金刚,玩具,580.46,2024-06-07 17:32:50,1,580.46,武汉,男,33,拼多多,2024,6,7,17
U7673,邬言,P79601,智能手表,电子产品,5997.24,2024-07-01 20:44:07,4,23988.96,苏州,男,21,拼多多,2024,7,1,20
U5941,经维贵,P30735,羽毛球拍,运动,606.9,2024-01-18 01:53:43,3,1820.7,深圳,女,64,拼多多,2024,1,18,1
U6095,潘国,P69742,卫衣,服装,254.8,2024-06-19 16:57:39,1,254.8,苏州,女,36,拼多多,2024,6,19,16
U7105,俞文波,P48032,心理学,书籍,791.38,2024-11-18 09:23:18,3,2374.14,天津,女,43,拼多多,2024,11,18,9
U6308,严达弘,P47265,笔记本电脑,电子产品,2239.66,2024-03-05 13:53:00,1,2239.66,成都,男,27,拼多多,2024,3,5,13
U3421,尹朋振,P86883,收纳盒,家居,231.58,2024-12-18 21:30:29,2,463.16,深圳,女,62,拼多多,2024,12,18,21
U3062,潘以斌,P46241,羽绒服,服装,629.77,2024-11-05 23:37:17,1,629.77,杭州,女,57,拼多多,2024,11,5,23
U6106,毛启辰,P35501,面霜,美妆,610.99,2024-06-07 06:00:17,5,3054.95,广州,女,31,拼多多,2024,6,7,6
U1732,柯亨,P39309,变形金刚,玩具,729.42,2024-08-04 04:05:47,2,1458.84,北京,男,40,拼多多,2024,8,4,4
U5952,孙豪世,P26909,变形金刚,玩具,385.64,2024-06-27 13:31:38,1,385.64,广州,男,21,拼多多,2024,6,27,13
U4676,周茂谦,P81718,变形金刚,玩具,602.5,2024-08-23 00:04:50,3,1807.5,北京,男,32,拼多多,2024,8,23,0
U2570,姚顺厚,P42870,心理学,书籍,394.61,2024-11-19 04:38:19,3,1183.83,北京,男,64,拼多多,2024,11,19,4
U7298,张承,P22928,哑铃,运动,571.87,2024-02-07 04:31:18,1,571.87,上海,男,44,拼多多,2024,2,7,4
U9052,尹刚龙,P58485,历史书籍,书籍,288.77,2024-05-12 06:51:23,3,866.31,南京,男,32,拼多多,2024,5,12,6
U2701,岑力山,P73242,四件套,家居,425.37,2024-11-27 21:25:26,1,425.37,杭州,女,24,拼多多,2024,11,27,21
U5031,曹邦信,P85066,拼图,玩具,786.85,2024-06-04 00:12:30,2,1573.7,北京,女,43,拼多多,2024,6,4,0
U7202,贾军裕,P87343,面霜,美妆,477.91,2024-09-21 19:29:13,3,1433.73,上海,女,18,拼多多,2024,9,21,19
U1989,蔡之诚,P65456,洗发水,美妆,45.46,2024-05-28 12:53:33,4,181.84,重庆,女,23,拼多多,2024,5,28,12
U4259,毕维诚,P77714,瑜伽垫,运动,427.72,2024-01-01 01:43:23,2,855.44,西安,女,19,拼多多,2024,1,1,1
U1170,邬民,P58125,遥控车,玩具,688.9,2024-02-06 21:51:42,2,1377.8,重庆,女,65,拼多多,2024,2,6,21
U3097,宣子,P24930,香水,美妆,108.45,2024-05-17 20:33:22,5,542.25,南京,男,63,拼多多,2024,5,17,20
U9833,胡雄,P94557,技术教材,书籍,257.87,2024-01-16 03:21:03,2,515.74,深圳,女,23,拼多多,2024,1,16,3
U2545,章榕清,P90439,瑜伽垫,运动,18.03,2024-08-07 09:02:55,4,72.12,西安,男,18,拼多多,2024,8,7,9
U7403,周辉顺,P53468,科幻小说,书籍,828.6,2024-07-30 22:26:12,5,4143.0,深圳,女,49,拼多多,2024,7,30,22
U7069,樊岩信,P76451,面霜,美妆,442.09,2024-09-22 20:21:04,5,2210.45,上海,女,65,拼多多,2024,9,22,20
U4671,管全博,P50478,显示器,电子产品,1607.84,2024-09-30 02:06:38,3,4823.52,成都,男,54,拼多多,2024,9,30,2
U1693,蓝胜发,P59576,收纳盒,家居,1662.11,2024-10-05 09:35:30,5,8310.55,苏州,女,58,拼多多,2024,10,5,9
U4160,卞晨,P80922,显示器,电子产品,8452.28,2024-01-03 22:06:35,2,16904.56,成都,男,46,拼多多,2024,1,3,22
U3199,席维航,P43590,技术教材,书籍,140.79,2024-07-21 18:02:12,5,703.95,杭州,女,29,拼多多,2024,7,21,18
U7230,孙光宏,P88233,办公椅,家居,3010.17,2024-10-29 03:44:42,2,6020.34,杭州,男,62,拼多多,2024,10,29,3
U9616,裘文振,P82987,口红,美妆,495.73,2024-07-26 22:54:31,2,991.46,上海,男,56,拼多多,2024,7,26,22
U2364,孙生先,P77624,时尚杂志,书籍,756.56,2024-04-04 22:09:27,1,756.56,北京,男,20,拼多多,2024,4,4,22
U3216,娄世钧,P15843,沙发,家居,3007.02,2024-03-19 00:56:05,4,12028.08,苏州,女,42,拼多多,2024,3,19,0
U8664,茅杰,P69012,粉底液,美妆,181.78,2024-10-24 08:58:00,5,908.9,深圳,女,28,拼多多,2024,10,24,8
U9738,吕亨楠,P26190,科幻小说,书籍,374.56,2024-12-08 22:33:23,2,749.12,杭州,女,60,拼多多,2024,12,8,22
U9361,席兴翔,P94049,收纳盒,家居,3960.85,2024-12-08 16:46:01,1,3960.85,成都,男,41,拼多多,2024,12,8,16
U8826,麻武轮,P60985,芭比娃娃,玩具,582.72,2024-04-19 08:49:27,5,2913.6,南京,女,53,拼多多,2024,4,19,8
U7059,苏彬世,P98933,沙发,家居,1379.97,2024-05-14 22:05:20,4,5519.88,重庆,女,28,拼多多,2024,5,14,22
U7672,魏树毅,P46147,人物传记,书籍,246.75,2024-10-29 08:21:59,4,987.0,北京,女,29,拼多多,2024,10,29,8
U3472,茅浩奇,P48451,人物传记,书籍,364.52,2024-11-14 06:44:02,5,1822.6,广州,女,47,拼多多,2024,11,14,6
U5370,卜翰晨,P96576,面霜,美妆,496.1,2024-12-01 12:45:58,1,496.1,重庆,男,41,拼多多,2024,12,1,12
U6882,苏宁榕,P46794,显示器,电子产品,5481.74,2024-09-22 22:09:11,1,5481.74,上海,女,21,拼多多,2024,9,22,22
U5525,褚兴风,P38220,平板电脑,电子产品,4678.99,2024-05-01 07:37:32,2,9357.98,南京,女,22,拼多多,2024,5,1,7
U8436,杜宏,P35721,面霜,美妆,49.88,2024-06-07 10:32:00,3,149.64,南京,男,57,拼多多,2024,6,7,10
U2502,蒋力航,P35867,拼图,玩具,104.01,2024-06-29 01:25:54,3,312.03,苏州,男,49,拼多多,2024,6,29,1
U6980,高绍风,P27526,时尚杂志,书籍,686.36,2024-09-13 06:34:04,1,686.36,杭州,男,50,拼多多,2024,9,13,6
U9724,路裕福,P38855,台灯,家居,4129.04,2024-09-21 11:10:44,2,8258.08,成都,男,43,拼多多,2024,9,21,11
U7148,柯山,P18687,香水,美妆,332.22,2024-09-05 17:01:55,4,1328.88,重庆,女,32,拼多多,2024,9,5,17
U3231,钮进时,P49941,抱枕,家居,2789.49,2024-01-25 23:29:44,4,11157.96,杭州,男,55,拼多多,2024,1,25,23
U5037,麻承树,P75904,智能手机,电子产品,4322.15,2024-04-12 02:42:13,1,4322.15,天津,男,24,拼多多,2024,4,12,2
U1374,计绍东,P91092,显示器,电子产品,6960.09,2024-07-18 08:59:07,5,34800.45,重庆,女,41,拼多多,2024,7,18,8
U4461,莫达良,P22671,抱枕,家居,1269.44,2024-12-27 08:51:11,2,2538.88,南京,男,51,拼多多,2024,12,27,8
U4677,彭绍力,P96846,卫衣,服装,253.31,2024-11-07 10:54:51,1,253.31,武汉,男,52,拼多多,2024,11,7,10
U9209,孟飞林,P42016,乐高积木,玩具,296.47,2024-05-22 13:54:49,4,1185.88,重庆,男,37,拼多多,2024,5,22,13
U9724,左朋群,P75899,时尚杂志,书籍,559.74,2024-08-18 17:41:32,5,2798.7,北京,女,39,拼多多,2024,8,18,17
U8519,萧磊达,P26927,桌游,玩具,661.9,2024-03-26 00:37:49,2,1323.8,西安,男,47,拼多多,2024,3,26,0
U6139,季奇盛,P43281,T恤,服装,360.02,2024-09-12 04:45:49,3,1080.06,武汉,女,54,拼多多,2024,9,12,4
U3572,祁贵学,P15766,洗发水,美妆,607.73,2024-05-14 23:32:31,1,607.73,上海,男,38,拼多多,2024,5,14,23
U2799,钮琛伟,P75706,毛绒玩具,玩具,224.14,2024-03-20 13:53:50,1,224.14,上海,男,44,拼多多,2024,3,20,13
U2741,昌裕发,P68623,跳绳,运动,239.21,2024-06-14 07:08:00,4,956.84,重庆,女,49,拼多多,2024,6,14,7
U1834,杨彪树,P61013,面霜,美妆,650.79,2024-02-03 12:26:45,1,650.79,西安,女,19,拼多多,2024,2,3,12
U7298,林山友,P66893,拼图,玩具,623.2,2024-02-07 21:38:41,3,1869.6,苏州,女,28,拼多多,2024,2,7,21
U3257,贝启,P22487,防晒霜,美妆,694.99,2024-01-22 20:31:14,2,1389.98,北京,男,33,拼多多,2024,1,22,20
U7157,胡亮中,P12997,卫衣,服装,284.71,2024-12-27 18:53:27,4,1138.84,成都,女,23,拼多多,2024,12,27,18
U9661,蓝坚,P97061,山地车,运动,190.45,2024-02-11 16:41:22,3,571.35,天津,女,28,拼多多,2024,2,11,16
U5076,孟东义,P70606,连衣裙,服装,313.22,2024-04-29 19:36:42,4,1252.88,杭州,女,40,拼多多,2024,4,29,19
U2304,戴宁翔,P81151,面霜,美妆,628.84,2024-01-08 23:14:29,3,1886.52,成都,女,29,拼多多,2024,1,8,23
U4739,丁栋广,P39160,智能手表,电子产品,7633.7,2024-03-02 01:23:48,2,15267.4,天津,男,29,拼多多,2024,3,2,1
U7294,虞钧健,P64064,拼图,玩具,74.02,2024-04-17 18:01:16,4,296.08,南京,女,62,拼多多,2024,4,17,18
U7740,吉昌岩,P85626,牛仔裤,服装,296.48,2024-02-26 15:12:34,1,296.48,成都,女,53,拼多多,2024,2,26,15
U5798,滕刚超,P29193,T恤,服装,22.75,2024-12-20 21:34:36,2,45.5,西安,女,45,拼多多,2024,12,20,21
U2926,许保,P86731,拼图,玩具,472.83,2024-03-27 03:31:43,5,2364.15,武汉,男,57,拼多多,2024,3,27,3
U5889,俞绍富,P61686,科幻小说,书籍,684.49,2024-01-09 02:33:25,4,2737.96,天津,男,37,拼多多,2024,1,9,2
U4983,成震邦,P34148,夹克,服装,315.55,2024-01-01 16:37:53,2,631.1,杭州,男,19,拼多多,2024,1,1,16
U7363,胡良,P68358,口红,美妆,29.21,2024-10-10 22:21:34,3,87.63,深圳,女,50,拼多多,2024,10,10,22
U4552,齐永中,P51607,科幻小说,书籍,262.06,2024-11-28 09:06:21,4,1048.24,成都,女,31,拼多多,2024,11,28,9
U7246,祁波建,P24229,羽绒服,服装,246.46,2024-05-02 11:17:41,2,492.92,北京,女,34,拼多多,2024,5,2,11
U8422,柏先涛,P45206,人物传记,书籍,836.81,2024-05-16 23:05:58,3,2510.43,北京,女,62,拼多多,2024,5,16,23
U6541,岑轮辰,P44445,智能手表,电子产品,6713.41,2024-07-01 22:16:18,3,20140.23,西安,男,56,拼多多,2024,7,1,22
U8717,施山伯,P96525,拼图,玩具,49.33,2024-11-05 00:32:16,5,246.65,西安,男,45,拼多多,2024,11,5,0
U4897,伏翔伯,P92039,面霜,美妆,558.56,2024-03-15 21:48:16,3,1675.68,苏州,女,38,拼多多,2024,3,15,21
U8495,萧茂斌,P24323,卫衣,服装,208.69,2024-08-18 21:08:59,3,626.07,武汉,男,62,拼多多,2024,8,18,21
U4064,孙思发,P55753,芭比娃娃,玩具,68.27,2024-04-07 06:54:36,4,273.08,上海,女,54,拼多多,2024,4,7,6
U8523,彭功梁,P20642,充电宝,电子产品,2921.98,2024-06-30 01:38:36,5,14609.9,杭州,女,55,拼多多,2024,6,30,1
U5828,伍启泽,P24954,瑜伽垫,运动,369.5,2024-10-25 06:30:57,2,739.0,广州,男,27,拼多多,2024,10,25,6
U1494,卢启海,P50910,智能手机,电子产品,8184.02,2024-12-19 08:48:48,5,40920.1,杭州,男,64,拼多多,2024,12,19,8
U2793,时昌,P22737,瑜伽垫,运动,782.18,2024-04-03 21:23:16,3,2346.54,成都,男,35,拼多多,2024,4,3,21
U5626,路栋奇,P32380,笔记本电脑,电子产品,4046.77,2024-12-23 14:55:44,5,20233.85,西安,女,46,拼多多,2024,12,23,14
U1235,吴兴德,P64860,漫画,书籍,414.94,2024-04-16 00:35:13,1,414.94,杭州,女,23,拼多多,2024,4,16,0
U1794,徐民,P79192,蓝牙耳机,电子产品,782.56,2024-09-09 01:51:17,1,782.56,苏州,男,58,拼多多,2024,9,9,1
U3052,项时安,P46350,沙发,家居,2574.91,2024-11-29 23:55:00,5,12874.55,广州,男,41,拼多多,2024,11,29,23
U6721,贝致行,P97763,化妆刷套装,美妆,579.84,2024-07-25 16:37:15,3,1739.52,成都,女,20,拼多多,2024,7,25,16
U3201,韦亮致,P10811,遥控车,玩具,249.31,2024-12-04 14:29:40,2,498.62,南京,女,43,拼多多,2024,12,4,14
U3214,茅诚,P98994,跳绳,运动,836.97,2024-02-25 19:50:51,4,3347.88,成都,男,58,拼多多,2024,2,25,19
U4868,季裕群,P93181,口红,美妆,142.2,2024-11-17 15:58:09,1,142.2,上海,女,61,拼多多,2024,11,17,15
U4412,狄维心,P51817,山地车,运动,739.32,2024-09-29 21:23:21,3,2217.96,成都,男,49,拼多多,2024,9,29,21
U1292,罗功,P26785,显示器,电子产品,6410.71,2024-03-12 11:04:20,1,6410.71,武汉,男,64,拼多多,2024,3,12,11
U8954,韦龙昌,P64714,运动鞋,服装,780.03,2024-01-03 04:50:31,5,3900.15,武汉,男,25,拼多多,2024,1,3,4
U4001,岑楠,P73259,时尚杂志,书籍,516.07,2024-04-19 09:17:26,3,1548.21,苏州,男,45,拼多多,2024,4,19,9
U3780,柏弘,P31712,卫衣,服装,405.97,2024-09-11 00:59:52,2,811.94,苏州,女,41,拼多多,2024,9,11,0
U5353,诸若杰,P30948,卫衣,服装,724.32,2024-11-13 22:16:22,3,2172.96,成都,女,32,拼多多,2024,11,13,22
U9491,贲顺克,P95232,芭比娃娃,玩具,818.8,2024-08-06 11:51:37,4,3275.2,武汉,男,60,拼多多,2024,8,6,11
U8627,章旭世,P66027,羽绒服,服装,228.34,2024-10-16 23:16:13,3,685.02,武汉,男,22,拼多多,2024,10,16,23
U8236,徐胜宏,P31166,洗发水,美妆,376.94,2024-04-18 03:33:38,1,376.94,北京,女,49,拼多多,2024,4,18,3
U6766,俞德之,P93689,乐高积木,玩具,232.47,2024-03-17 16:27:04,1,232.47,广州,男,39,拼多多,2024,3,17,16
U2538,邬克宏,P21013,芭比娃娃,玩具,536.75,2024-12-18 08:46:51,4,2147.0,上海,女,55,拼多多,2024,12,18,8
U9729,熊松榕,P34995,心理学,书籍,741.66,2024-10-04 12:48:05,1,741.66,天津,男,20,拼多多,2024,10,4,12
U6191,邹军超,P90858,智能手表,电子产品,2663.97,2024-01-08 17:43:26,3,7991.91,苏州,男,34,拼多多,2024,1,8,17
U2428,范邦勇,P91274,跳绳,运动,501.67,2024-06-04 09:57:12,1,501.67,西安,女,64,拼多多,2024,6,4,9
U3038,陈楠,P84799,技术教材,书籍,481.63,2024-01-26 18:50:55,4,1926.52,苏州,女,40,拼多多,2024,1,26,18
U2034,吴刚乐,P24442,智能手表,电子产品,7410.79,2024-06-13 20:31:43,5,37053.95,天津,女,65,拼多多,2024,6,13,20
U3427,屈信康,P10867,运动鞋,服装,321.56,2024-04-21 18:07:18,1,321.56,重庆,女,41,拼多多,2024,4,21,18
U9030,盛河诚,P98295,科幻小说,书籍,683.58,2024-02-17 06:53:30,5,3417.9,北京,女,61,拼多多,2024,2,17,6
U5138,杭浩山,P25854,洗发水,美妆,467.07,2024-03-18 13:26:24,3,1401.21,广州,男,24,拼多多,2024,3,18,13
U6457,董辰军,P25660,显示器,电子产品,3207.59,2024-05-09 16:21:58,3,9622.77,重庆,女,54,拼多多,2024,5,9,16
U8707,陈全建,P53420,漫画,书籍,668.4,2024-11-03 04:28:05,5,3342.0,北京,女,25,拼多多,2024,11,3,4
U2477,柳乐岩,P30739,笔记本电脑,电子产品,1563.89,2024-09-14 14:36:49,5,7819.45,成都,女,22,拼多多,2024,9,14,14
U4739,余泰泽,P27377,遥控车,玩具,93.61,2024-08-29 23:36:23,4,374.44,重庆,男,19,拼多多,2024,8,29,23
U9960,冯子志,P59029,智能手机,电子产品,1137.56,2024-04-14 10:55:19,1,1137.56,成都,男,29,拼多多,2024,4,14,10
U6452,庞伯固,P41833,篮球,运动,828.23,2024-04-02 16:36:02,2,1656.46,广州,男,38,拼多多,2024,4,2,16
U4039,孔林文,P63163,充电宝,电子产品,1406.1,2024-02-05 10:20:31,5,7030.5,上海,男,43,拼多多,2024,2,5,10
U5926,孟启,P56031,粉底液,美妆,204.95,2024-03-01 03:31:25,3,614.85,深圳,男,42,拼多多,2024,3,1,3
U2862,昌邦茂,P15323,卫衣,服装,289.28,2024-10-04 02:09:33,4,1157.12,武汉,女,50,拼多多,2024,10,4,2
U3462,潘军文,P22617,毛绒玩具,玩具,693.8,2024-05-05 14:57:46,5,3469.0,重庆,男,45,拼多多,2024,5,5,14
U2493,虞炎,P50215,收纳盒,家居,2985.61,2024-12-27 16:01:35,1,2985.61,广州,女,64,拼多多,2024,12,27,16
U1035,云航中,P79525,收纳盒,家居,777.07,2024-01-10 15:32:43,2,1554.14,重庆,男,54,拼多多,2024,1,10,15
U2634,奚辰,P40950,羽绒服,服装,604.14,2024-12-19 16:45:30,5,3020.7,重庆,女,31,拼多多,2024,12,19,16
U9382,臧哲松,P46922,四件套,家居,1227.09,2024-04-10 23:18:42,3,3681.27,杭州,男,24,拼多多,2024,4,10,23
U2199,倪哲兴,P72115,防晒霜,美妆,212.24,2024-03-24 02:24:13,5,1061.2,深圳,男,33,拼多多,2024,3,24,2
U5314,颜维子,P10228,心理学,书籍,557.49,2024-10-26 01:08:54,1,557.49,南京,男,24,拼多多,2024,10,26,1
U2084,史龙翰,P48796,漫画,书籍,474.31,2024-11-05 04:55:00,1,474.31,天津,女,34,拼多多,2024,11,5,4
U3891,干光,P86263,沙发,家居,88.2,2024-02-10 20:30:47,3,264.6,重庆,女,57,拼多多,2024,2,10,20
U2755,柳栋,P95637,智能手机,电子产品,4368.71,2024-11-06 08:14:37,2,8737.42,重庆,男,53,拼多多,2024,11,6,8
U3418,祁钧清,P49245,蓝牙耳机,电子产品,4727.24,2024-03-16 14:24:55,3,14181.72,南京,女,24,拼多多,2024,3,16,14
U1469,盛世博,P86228,瑜伽垫,运动,274.82,2024-12-13 11:38:00,4,1099.28,重庆,男,63,拼多多,2024,12,13,11
U3234,昌友,P20117,收纳盒,家居,4076.33,2024-05-06 12:50:49,3,12228.99,苏州,女,18,拼多多,2024,5,6,12
U6304,褚旭泽,P78364,牛仔裤,服装,817.15,2024-04-10 21:31:05,3,2451.45,成都,女,56,拼多多,2024,4,10,21
U2761,舒飞冠,P61204,平板电脑,电子产品,5202.94,2024-10-25 21:40:19,2,10405.88,北京,女,20,拼多多,2024,10,25,21
U9440,鲍哲星,P12399,台灯,家居,2364.5,2024-06-28 03:09:55,4,9458.0,南京,女,29,拼多多,2024,6,28,3
U4719,苏楠腾,P87245,漫画,书籍,387.35,2024-10-29 04:45:56,2,774.7,天津,男,35,拼多多,2024,10,29,4
U2859,曹康,P11298,山地车,运动,263.85,2024-07-25 00:45:42,3,791.55,苏州,男,37,拼多多,2024,7,25,0
U6727,陶良固,P54221,充电宝,电子产品,6470.31,2024-02-23 04:56:51,5,32351.55,杭州,男,61,拼多多,2024,2,23,4
U5185,黄奇磊,P61454,哑铃,运动,152.23,2024-01-21 08:35:33,4,608.92,天津,女,45,拼多多,2024,1,21,8
U4063,吴学,P89300,卫衣,服装,539.21,2024-09-12 09:05:05,2,1078.42,广州,男,38,拼多多,2024,9,12,9
U3650,尹飞,P22864,山地车,运动,710.47,2024-11-15 04:02:23,2,1420.94,北京,男,48,拼多多,2024,11,15,4
U8015,雷翰武,P94645,科幻小说,书籍,797.65,2024-09-22 21:25:37,5,3988.25,杭州,男,56,拼多多,2024,9,22,21
U6869,平承,P83714,收纳盒,家居,2917.34,2024-03-24 12:38:14,4,11669.36,南京,女,50,拼多多,2024,3,24,12
U4166,应东保,P70783,香水,美妆,783.15,2024-11-23 00:19:03,2,1566.3,深圳,女,23,拼多多,2024,11,23,0
U3745,徐策裕,P46649,防晒霜,美妆,71.98,2024-03-24 03:29:32,1,71.98,上海,男,40,拼多多,2024,3,24,3
U5205,杨策贵,P54476,平板电脑,电子产品,3773.52,2024-09-16 06:34:30,3,11320.56,深圳,男,47,拼多多,2024,9,16,6
U2804,齐亮固,P39390,充电宝,电子产品,6588.57,2024-09-12 11:03:57,4,26354.28,苏州,女,64,拼多多,2024,9,12,11
U7189,钱先江,P12877,桌游,玩具,501.26,2024-12-08 22:16:34,1,501.26,重庆,男,55,拼多多,2024,12,8,22
U9534,任新强,P90205,哑铃,运动,400.28,2024-10-23 21:55:29,4,1601.12,深圳,男,59,拼多多,2024,10,23,21
U3951,裘利,P47916,平板电脑,电子产品,3499.24,2024-12-09 17:34:30,3,10497.72,上海,男,40,拼多多,2024,12,9,17
U9138,康林航,P75202,笔记本电脑,电子产品,5156.71,2024-05-31 23:19:33,2,10313.42,南京,男,40,拼多多,2024,5,31,23
U8144,盛言,P36284,乐高积木,玩具,133.57,2024-07-31 18:50:14,2,267.14,重庆,男,24,拼多多,2024,7,31,18
U2769,尹富腾,P58024,山地车,运动,591.71,2024-11-24 14:03:56,1,591.71,北京,男,39,拼多多,2024,11,24,14
U6279,穆富功,P14939,面霜,美妆,780.33,2024-10-14 21:51:41,3,2340.99,深圳,男,37,拼多多,2024,10,14,21
U9576,康平,P29923,篮球,运动,565.06,2024-01-09 18:44:08,5,2825.3,南京,男,65,拼多多,2024,1,9,18
U2115,吉涛利,P62634,香水,美妆,844.79,2024-02-29 11:06:09,2,1689.58,苏州,女,58,拼多多,2024,2,29,11
U9064,单新,P92939,笔记本电脑,电子产品,2200.03,2024-09-12 23:13:55,4,8800.12,南京,女,60,拼多多,2024,9,12,23
U7049,干维,P41349,跑步鞋,运动,262.91,2024-02-08 22:22:18,1,262.91,西安,男,56,拼多多,2024,2,8,22
U9228,时新健,P85867,粉底液,美妆,601.12,2024-03-28 07:31:50,3,1803.36,苏州,男,63,拼多多,2024,3,28,7
U6747,邱飞政,P78633,遥控车,玩具,329.54,2024-08-25 02:00:45,4,1318.16,杭州,男,55,拼多多,2024,8,25,2
U6815,韩士,P31812,拼图,玩具,717.14,2024-08-18 06:00:27,4,2868.56,重庆,男,62,拼多多,2024,8,18,6
U1603,凤康仁,P78681,粉底液,美妆,779.7,2024-01-18 09:44:01,5,3898.5,成都,男,64,拼多多,2024,1,18,9
U4316,管家伟,P21354,四件套,家居,2089.03,2024-05-22 03:39:21,1,2089.03,南京,女,48,拼多多,2024,5,22,3
U8443,梁思轮,P80218,变形金刚,玩具,372.46,2024-03-05 15:35:39,5,1862.3,武汉,女,32,拼多多,2024,3,5,15
U3377,卢言,P96404,科幻小说,书籍,110.61,2024-07-12 14:27:56,5,553.05,杭州,女,25,拼多多,2024,7,12,14
U6064,唐克邦,P87081,遥控车,玩具,731.71,2024-11-13 02:21:08,4,2926.84,成都,女,24,拼多多,2024,11,13,2
U8689,孙雄翰,P22600,牛仔裤,服装,359.96,2024-09-28 18:24:07,5,1799.8,重庆,男,41,拼多多,2024,9,28,18
U4832,沈敬,P54220,办公椅,家居,1679.52,2024-03-14 23:36:51,1,1679.52,北京,男,57,拼多多,2024,3,14,23
U3112,韦栋波,P72440,芭比娃娃,玩具,309.56,2024-12-28 11:19:48,4,1238.24,天津,女,58,拼多多,2024,12,28,11
U5296,岑伯祥,P62687,乐高积木,玩具,222.01,2024-06-21 16:40:41,2,444.02,武汉,男,52,拼多多,2024,6,21,16
U5653,田福强,P44557,运动鞋,服装,624.95,2024-01-20 12:45:57,3,1874.85,苏州,男,59,拼多多,2024,1,20,12
U2218,裘榕群,P68232,遥控车,玩具,742.83,2024-03-12 18:28:50,4,2971.32,上海,女,26,拼多多,2024,3,12,18
U1875,娄建清,P84464,办公椅,家居,312.46,2024-01-24 10:45:25,1,312.46,杭州,男,59,拼多多,2024,1,24,10
U5057,华毅,P36775,漫画,书籍,758.19,2024-07-25 20:00:38,3,2274.57,上海,女,61,拼多多,2024,7,25,20
U1136,姚伯,P99781,科幻小说,书籍,565.43,2024-04-01 18:39:18,3,1696.29,广州,男,38,拼多多,2024,4,1,18
U6415,魏奇,P29856,T恤,服装,138.23,2024-03-15 12:14:54,1,138.23,广州,女,50,拼多多,2024,3,15,12
U8635,卢发飞,P39567,平板电脑,电子产品,6836.36,2024-04-27 11:12:10,2,13672.72,重庆,男,23,拼多多,2024,4,27,11
U4036,吉文士,P21191,拼图,玩具,527.16,2024-07-04 08:54:58,5,2635.8,天津,男,30,拼多多,2024,7,4,8
U7369,米启全,P12203,夹克,服装,357.9,2024-03-01 08:41:36,4,1431.6,重庆,男,47,拼多多,2024,3,1,8
U6178,郁风胜,P44643,充电宝,电子产品,7485.52,2024-01-23 15:17:22,1,7485.52,苏州,女,51,拼多多,2024,1,23,15
U1133,和思,P83410,历史书籍,书籍,374.41,2024-02-05 18:44:36,1,374.41,西安,男,47,拼多多,2024,2,5,18
U3203,龚岩俊,P56885,瑜伽垫,运动,468.29,2024-01-20 19:55:29,3,1404.87,广州,男,42,拼多多,2024,1,20,19
U8300,颜民天,P70757,羽毛球拍,运动,813.21,2024-11-28 08:11:40,3,2439.63,成都,男,39,拼多多,2024,11,28,8
U1567,金民雄,P70614,卫衣,服装,598.66,2024-12-30 22:40:30,5,2993.3,广州,男,63,淘宝,2024,12,30,22
U8912,伍厚新,P11661,蓝牙耳机,电子产品,2431.88,2024-08-26 18:44:23,2,4863.76,武汉,男,30,淘宝,2024,8,26,18
U9295,伏平顺,P61889,笔记本电脑,电子产品,3952.08,2024-04-11 03:29:09,2,7904.16,西安,男,43,淘宝,2024,4,11,3
U4428,奚富冠,P44876,羽绒服,服装,409.0,2024-10-14 07:02:12,1,409.0,上海,女,23,淘宝,2024,10,14,7
U2585,李俊才,P77588,瑜伽垫,运动,250.65,2024-10-01 09:58:36,2,501.3,北京,男,35,淘宝,2024,10,1,9
U9571,袁晨敬,P84026,卫衣,服装,307.23,2024-05-13 15:11:14,1,307.23,深圳,男,40,淘宝,2024,5,13,15
U3642,吴泰,P12046,蓝牙耳机,电子产品,6501.25,2024-05-31 03:41:49,4,26005.0,广州,男,43,淘宝,2024,5,31,3
U8059,钱才永,P27009,瑜伽垫,运动,821.43,2024-06-09 11:20:16,1,821.43,北京,女,50,淘宝,2024,6,9,11
U7591,吕翔,P98038,漫画,书籍,994.4,2024-02-09 15:27:11,1,994.4,成都,男,44,淘宝,2024,2,9,15
U1113,路树龙,P91433,拼图,玩具,444.15,2024-01-21 12:28:09,2,888.3,杭州,女,23,淘宝,2024,1,21,12
U8864,贾彬策,P66390,乐高积木,玩具,707.91,2024-09-07 02:07:51,3,2123.73,武汉,女,46,淘宝,2024,9,7,2
U1682,董谦,P24419,拼图,玩具,862.89,2024-03-25 00:59:44,4,3451.56,广州,女,55,淘宝,2024,3,25,0
U9127,刁林林,P16433,卫衣,服装,965.59,2024-08-12 15:32:22,4,3862.36,南京,女,56,淘宝,2024,8,12,15
U1422,凌斌毅,P52562,收纳盒,家居,1119.65,2024-04-05 14:13:33,2,2239.3,重庆,男,51,淘宝,2024,4,5,14
U8549,柯岩平,P67848,办公椅,家居,1410.91,2024-09-29 06:09:18,4,5643.64,西安,女,21,淘宝,2024,9,29,6
U3759,庞清文,P75372,跳绳,运动,40.17,2024-09-02 03:19:50,5,200.85,武汉,女,20,淘宝,2024,9,2,3
U1338,宗天涛,P68371,科幻小说,书籍,601.52,2024-05-15 04:08:01,3,1804.56,南京,女,57,淘宝,2024,5,15,4
U8681,酆诚奇,P91225,瑜伽垫,运动,832.85,2024-01-05 16:36:36,3,2498.55,苏州,女,43,淘宝,2024,1,5,16
U6151,刁和诚,P37852,蓝牙耳机,电子产品,9463.23,2024-09-25 12:55:34,1,9463.23,上海,男,65,淘宝,2024,9,25,12
U9618,洪广,P12222,时尚杂志,书籍,80.25,2024-06-23 13:02:13,2,160.5,南京,男,51,淘宝,2024,6,23,13
U7155,柏会行,P31382,桌游,玩具,555.14,2024-03-09 07:18:54,5,2775.7,北京,男,33,淘宝,2024,3,9,7
U3427,孔邦进,P21088,牛仔裤,服装,404.94,2024-06-16 08:55:17,2,809.88,深圳,男,45,淘宝,2024,6,16,8
U7092,常善义,P24396,拼图,玩具,909.21,2024-02-08 11:23:32,5,4546.05,武汉,女,32,淘宝,2024,2,8,11
U8270,卢亨泰,P45195,面霜,美妆,375.16,2024-04-26 12:58:18,1,375.16,成都,女,28,淘宝,2024,4,26,12
U5873,吉山雄,P90756,洗发水,美妆,408.45,2024-08-05 22:01:33,3,1225.35,北京,男,47,淘宝,2024,8,5,22
U7359,岑山义,P27082,智能手机,电子产品,5170.46,2024-09-12 22:18:15,5,25852.3,武汉,男,62,淘宝,2024,9,12,22
U2918,雷强,P18240,拼图,玩具,426.65,2024-06-02 15:45:42,2,853.3,杭州,女,56,淘宝,2024,6,2,15
U1954,樊风,P87546,防晒霜,美妆,592.86,2024-09-04 06:10:09,2,1185.72,深圳,男,25,淘宝,2024,9,4,6
U9932,秦军平,P42534,充电宝,电子产品,6788.03,2024-01-11 13:54:48,2,13576.06,杭州,女,57,淘宝,2024,1,11,13
U1024,缪哲亨,P52658,人物传记,书籍,455.13,2024-10-27 12:05:10,2,910.26,北京,女,34,淘宝,2024,10,27,12
U5015,万坚新,P70395,台灯,家居,1709.92,2024-08-01 11:49:18,3,5129.76,西安,女,51,淘宝,2024,8,1,11
U1749,邱波航,P15966,T恤,服装,785.2,2024-06-14 05:14:03,3,2355.6,北京,男,51,淘宝,2024,6,14,5
U9838,湛腾乐,P42328,收纳盒,家居,4138.68,2024-10-07 05:25:30,5,20693.4,广州,女,55,淘宝,2024,10,7,5
U4548,林冠宁,P14082,羽毛球拍,运动,665.02,2024-03-04 16:14:20,2,1330.04,南京,女,57,淘宝,2024,3,4,16
U7841,田俊振,P26768,哑铃,运动,999.7,2024-01-01 07:08:57,3,2999.1,杭州,女,32,淘宝,2024,1,1,7
U7144,元之,P81226,洗发水,美妆,94.56,2024-07-22 03:17:29,3,283.68,上海,女,60,淘宝,2024,7,22,3
U5487,闵峰宏,P21809,夹克,服装,739.3,2024-09-20 07:34:22,3,2217.9,西安,女,49,淘宝,2024,9,20,7
U3728,萧彬子,P31935,乐高积木,玩具,438.52,2024-07-16 05:22:33,4,1754.08,深圳,男,26,淘宝,2024,7,16,5
U7044,毕祥庆,P62332,粉底液,美妆,711.19,2024-05-03 18:00:02,1,711.19,北京,女,37,淘宝,2024,5,3,18
U1987,昝士政,P40479,心理学,书籍,204.13,2024-03-07 08:59:47,3,612.39,苏州,男,55,淘宝,2024,3,7,8
U1650,窦国腾,P26772,智能手表,电子产品,2863.15,2024-09-11 08:53:43,5,14315.75,成都,男,63,淘宝,2024,9,11,8
U2571,卢伟朋,P77647,心理学,书籍,682.99,2024-09-26 06:17:53,2,1365.98,杭州,女,59,淘宝,2024,9,26,6
U7821,诸光风,P72941,芭比娃娃,玩具,819.43,2024-02-16 20:15:55,1,819.43,杭州,女,30,淘宝,2024,2,16,20
U1240,施栋,P95771,跑步鞋,运动,759.95,2024-03-26 11:33:17,3,2279.85,深圳,男,29,淘宝,2024,3,26,11
U1182,麻发永,P74652,化妆刷套装,美妆,34.64,2024-05-29 14:18:03,4,138.56,武汉,女,45,淘宝,2024,5,29,14
U1141,成厚岩,P99142,防晒霜,美妆,849.06,2024-01-16 19:51:00,5,4245.3,天津,女,40,淘宝,2024,1,16,19
U6415,韦发轮,P16055,人物传记,书籍,204.41,2024-05-03 14:10:54,5,1022.05,南京,女,64,淘宝,2024,5,3,14
U7103,包德钧,P38580,T恤,服装,96.48,2024-12-02 21:44:07,3,289.44,南京,男,53,淘宝,2024,12,2,21
U2481,米海松,P58011,办公椅,家居,2644.09,2024-05-07 10:31:36,3,7932.27,苏州,男,46,淘宝,2024,5,7,10
U8606,崔有,P15116,面霜,美妆,411.94,2024-03-05 05:37:52,1,411.94,武汉,女,26,淘宝,2024,3,5,5
U4024,宋达浩,P92557,毛绒玩具,玩具,55.78,2024-02-09 22:24:17,3,167.34,深圳,女,38,淘宝,2024,2,9,22
U4668,水才,P38249,平板电脑,电子产品,9310.43,2024-03-09 00:45:01,5,46552.15,深圳,女,21,淘宝,2024,3,9,0
U1545,韦力茂,P86832,山地车,运动,284.53,2024-02-23 04:55:46,1,284.53,苏州,男,48,淘宝,2024,2,23,4
U3003,魏会,P98569,历史书籍,书籍,526.11,2024-01-21 06:56:14,2,1052.22,武汉,女,56,淘宝,2024,1,21,6
U3803,昌平,P95809,哑铃,运动,188.89,2024-11-04 20:42:53,2,377.78,杭州,男,31,淘宝,2024,11,4,20
U4038,齐广建,P41797,变形金刚,玩具,232.46,2024-04-24 04:57:49,5,1162.3,武汉,女,65,淘宝,2024,4,24,4
U6157,秦家,P26583,四件套,家居,4406.51,2024-11-21 02:26:34,1,4406.51,杭州,男,55,淘宝,2024,11,21,2
U3352,成成榕,P95942,心理学,书籍,236.3,2024-05-23 04:54:02,5,1181.5,深圳,女,37,淘宝,2024,5,23,4
U6566,卜固以,P42696,餐桌,家居,381.78,2024-10-15 06:13:15,3,1145.34,天津,女,59,淘宝,2024,10,15,6
U4827,皮仁致,P51311,连衣裙,服装,932.31,2024-07-19 01:27:49,4,3729.24,天津,男,63,淘宝,2024,7,19,1
U4471,李绍翔,P77218,收纳盒,家居,3354.58,2024-08-27 10:46:58,5,16772.9,苏州,女,26,淘宝,2024,8,27,10
U6756,左固庆,P69686,哑铃,运动,160.16,2024-04-30 10:31:06,4,640.64,深圳,男,23,淘宝,2024,4,30,10
U2939,蔡宁楠,P31441,哑铃,运动,760.19,2024-09-26 16:12:22,2,1520.38,成都,女,48,淘宝,2024,9,26,16
U4029,田家翰,P76568,洗发水,美妆,218.32,2024-07-16 10:13:22,5,1091.6,广州,男,43,淘宝,2024,7,16,10
U8217,危兴峰,P39197,羽绒服,服装,421.34,2024-03-14 01:48:35,1,421.34,杭州,男,34,淘宝,2024,3,14,1
U4033,昝鸣,P21919,拼图,玩具,774.39,2024-04-09 03:12:21,4,3097.56,武汉,男,38,淘宝,2024,4,9,3
U4834,危河,P28981,办公椅,家居,1856.8,2024-03-08 17:11:20,5,9284.0,广州,女,53,淘宝,2024,3,8,17
U5967,凌林勇,P53597,遥控车,玩具,510.41,2024-03-11 05:24:22,3,1531.23,西安,女,43,淘宝,2024,3,11,5
U5563,贺子东,P63218,牛仔裤,服装,640.54,2024-11-06 11:30:21,3,1921.62,成都,男,30,淘宝,2024,11,6,11
U5603,明志栋,P98606,洗发水,美妆,130.7,2024-03-27 23:59:18,5,653.5,西安,男,65,淘宝,2024,3,27,23
U1342,米东时,P34531,T恤,服装,887.87,2024-02-28 14:26:14,2,1775.74,杭州,男,23,淘宝,2024,2,28,14
U1442,贺强晨,P68697,充电宝,电子产品,9645.37,2024-03-25 04:51:17,1,9645.37,苏州,女,55,淘宝,2024,3,25,4
U5152,洪龙固,P68458,瑜伽垫,运动,794.37,2024-06-06 11:07:06,5,3971.85,重庆,男,62,淘宝,2024,6,6,11
U9763,陶飞腾,P42692,沙发,家居,4045.3,2024-01-09 04:22:17,5,20226.5,天津,女,46,淘宝,2024,1,9,4
U7202,倪新庆,P14703,连衣裙,服装,355.73,2024-02-14 12:34:37,4,1422.92,北京,男,56,淘宝,2024,2,14,12
U6143,舒辰胜,P98472,平板电脑,电子产品,3208.08,2024-12-09 05:25:37,3,9624.24,西安,男,41,淘宝,2024,12,9,5
U2548,宗思榕,P60946,跑步鞋,运动,55.02,2024-08-14 12:35:07,3,165.06,广州,男,43,淘宝,2024,8,14,12
U7698,童乐谦,P78477,化妆刷套装,美妆,809.72,2024-06-21 03:47:06,4,3238.88,南京,女,24,淘宝,2024,6,21,3
U2249,洪豪,P75612,技术教材,书籍,195.84,2024-01-18 13:25:01,3,587.52,成都,女,65,淘宝,2024,1,18,13
U3471,钱林,P75957,粉底液,美妆,489.06,2024-01-25 04:12:34,4,1956.24,杭州,男,65,淘宝,2024,1,25,4
U8539,范厚,P46597,显示器,电子产品,5392.84,2024-07-05 09:05:21,3,16178.52,武汉,男,27,淘宝,2024,7,5,9
U6145,萧和泰,P29667,变形金刚,玩具,284.35,2024-10-14 19:30:26,1,284.35,杭州,女,22,淘宝,2024,10,14,19
U7655,夏天群,P46626,漫画,书籍,814.05,2024-03-12 06:08:58,1,814.05,南京,男,31,淘宝,2024,3,12,6
U9674,宗达先,P46225,桌游,玩具,72.82,2024-12-20 10:40:52,1,72.82,广州,女,44,淘宝,2024,12,20,10
U8268,闵邦毅,P14391,洗发水,美妆,44.16,2024-09-13 21:38:54,2,88.32,西安,男,24,淘宝,2024,9,13,21
U4738,皮建勇,P47603,运动鞋,服装,480.62,2024-09-10 05:58:36,1,480.62,苏州,女,52,淘宝,2024,9,10,5
U7613,邵翔贵,P57748,羽毛球拍,运动,837.53,2024-02-04 06:34:36,5,4187.65,深圳,男,31,淘宝,2024,2,4,6
U7584,董晨善,P48601,粉底液,美妆,111.02,2024-07-30 20:14:25,5,555.1,天津,男,60,淘宝,2024,7,30,20
U2854,吕彪,P83091,瑜伽垫,运动,345.34,2024-02-27 06:24:08,4,1381.36,广州,女,46,淘宝,2024,2,27,6
U8327,傅天,P25432,羽绒服,服装,510.79,2024-05-01 12:23:33,5,2553.95,重庆,男,30,淘宝,2024,5,1,12
U4591,解群,P38935,桌游,玩具,158.55,2024-02-18 18:29:59,5,792.75,南京,男,31,淘宝,2024,2,18,18
U1685,孔心,P32104,办公椅,家居,3937.09,2024-07-24 20:41:53,4,15748.36,深圳,男,57,淘宝,2024,7,24,20
U4350,陶彪斌,P24733,台灯,家居,1545.75,2024-05-27 01:48:49,4,6183.0,杭州,男,35,淘宝,2024,5,27,1
U7706,滕壮,P13088,智能手机,电子产品,6082.05,2024-02-16 17:09:10,2,12164.1,深圳,男,47,淘宝,2024,2,16,17
U4037,熊磊轮,P74603,夹克,服装,407.23,2024-02-13 17:25:01,1,407.23,杭州,女,43,淘宝,2024,2,13,17
U4788,宣友会,P63022,餐桌,家居,4152.16,2024-04-12 12:20:14,4,16608.64,成都,男,63,淘宝,2024,4,12,12
U7432,熊东辉,P12583,智能手表,电子产品,1718.41,2024-05-19 01:18:34,5,8592.05,南京,女,31,淘宝,2024,5,19,1
U1416,孙宏功,P17689,漫画,书籍,739.48,2024-10-23 00:03:08,5,3697.4,上海,男,24,淘宝,2024,10,23,0
U5189,王亨辉,P63703,漫画,书籍,569.04,2024-10-27 01:28:11,2,1138.08,天津,女,26,淘宝,2024,10,27,1
U1148,韩伟泰,P86654,台灯,家居,2878.49,2024-08-30 12:37:22,3,8635.47,深圳,男,38,淘宝,2024,8,30,12
U5637,费安清,P79241,时尚杂志,书籍,449.2,2024-10-09 06:04:30,4,1796.8,上海,女,31,淘宝,2024,10,9,6
U4720,萧昌,P39735,餐桌,家居,3816.33,2024-02-16 17:24:34,5,19081.65,武汉,女,44,淘宝,2024,2,16,17
U9954,何中元,P18314,口红,美妆,824.47,2024-02-09 14:07:59,2,1648.94,深圳,男,49,淘宝,2024,2,9,14
U3309,韦庆,P35213,芭比娃娃,玩具,959.48,2024-10-31 07:50:39,2,1918.96,西安,女,52,淘宝,2024,10,31,7
U8142,裘毅庆,P17321,时尚杂志,书籍,801.16,2024-03-25 07:03:58,5,4005.8,西安,男,52,淘宝,2024,3,25,7
U4937,傅震,P78891,沙发,家居,3917.77,2024-09-16 18:23:39,5,19588.85,南京,男,65,淘宝,2024,9,16,18
U6750,范峰,P53724,山地车,运动,607.48,2024-09-01 17:18:46,1,607.48,成都,男,34,淘宝,2024,9,1,17
U3758,庞泰,P30109,毛绒玩具,玩具,878.31,2024-01-10 21:27:09,2,1756.62,重庆,女,25,淘宝,2024,1,10,21
U9647,徐栋,P13259,沙发,家居,818.96,2024-01-21 16:20:01,1,818.96,重庆,女,56,淘宝,2024,1,21,16
U5790,柳河健,P66162,羽绒服,服装,37.8,2024-04-05 08:56:00,4,151.2,广州,男,25,淘宝,2024,4,5,8
U6215,蔡江,P57281,历史书籍,书籍,794.01,2024-09-02 09:39:13,4,3176.04,天津,男,47,淘宝,2024,9,2,9
U5304,卜保毅,P30627,蓝牙耳机,电子产品,6844.6,2024-09-15 15:23:12,3,20533.8,深圳,女,32,淘宝,2024,9,15,15
U3247,裘兴山,P67214,心理学,书籍,934.13,2024-12-08 22:00:20,3,2802.39,上海,女,57,淘宝,2024,12,8,22
U8553,章超文,P41863,山地车,运动,578.68,2024-09-22 17:23:22,3,1736.04,苏州,男,29,淘宝,2024,9,22,17
U7976,郭龙利,P70676,台灯,家居,621.49,2024-06-22 00:59:05,4,2485.96,杭州,男,45,淘宝,2024,6,22,0
U4224,高民龙,P81121,历史书籍,书籍,558.5,2024-07-23 11:05:25,4,2234.0,深圳,男,33,淘宝,2024,7,23,11
U6676,石国勇,P50783,洗发水,美妆,559.25,2024-09-19 09:44:08,3,1677.75,广州,男,26,淘宝,2024,9,19,9
U3297,时辉会,P35773,餐桌,家居,134.53,2024-11-05 23:02:10,1,134.53,南京,女,45,淘宝,2024,11,5,23
U7564,臧宏民,P99121,收纳盒,家居,4484.73,2024-02-04 23:19:57,4,17938.92,南京,男,51,淘宝,2024,2,4,23
U5729,姜辰,P49445,夹克,服装,493.95,2024-02-26 05:16:41,1,493.95,南京,男,25,淘宝,2024,2,26,5
U9815,乐全航,P87090,牛仔裤,服装,81.37,2024-12-22 11:47:20,3,244.11,北京,男,61,淘宝,2024,12,22,11
U1499,潘弘承,P51861,充电宝,电子产品,9209.73,2024-04-20 02:22:25,1,9209.73,深圳,女,47,淘宝,2024,4,20,2
U2528,严炎时,P26999,漫画,书籍,382.86,2024-07-07 01:23:11,4,1531.44,西安,男,39,淘宝,2024,7,7,1
U3062,娄贵,P95507,充电宝,电子产品,5758.94,2024-09-05 12:32:08,1,5758.94,上海,女,40,淘宝,2024,9,5,12
U7950,宋树,P65684,牛仔裤,服装,263.41,2024-09-12 00:48:47,4,1053.64,成都,男,33,淘宝,2024,9,12,0
U7117,莫弘松,P32362,平板电脑,电子产品,2401.42,2024-12-07 08:56:30,5,12007.1,北京,男,18,淘宝,2024,12,7,8
U5929,苗志敬,P36902,四件套,家居,192.96,2024-03-17 04:06:29,2,385.92,西安,男,20,淘宝,2024,3,17,4
U8552,石刚邦,P84919,跑步鞋,运动,28.18,2024-04-18 11:41:53,3,84.54,天津,男,40,淘宝,2024,4,18,11
U7702,包福,P59531,牛仔裤,服装,684.92,2024-02-23 06:16:16,2,1369.84,武汉,男,38,淘宝,2024,2,23,6
U6858,胡元,P31489,跑步鞋,运动,939.25,2024-06-02 17:40:44,1,939.25,杭州,女,53,淘宝,2024,6,2,17
U4137,凤风哲,P42828,技术教材,书籍,337.31,2024-04-24 18:50:18,4,1349.24,重庆,男,62,淘宝,2024,4,24,18
U1719,席坚,P46522,抱枕,家居,494.82,2024-11-19 02:53:49,3,1484.46,天津,女,62,淘宝,2024,11,19,2
U6033,许翔,P75525,漫画,书籍,81.36,2024-10-17 22:24:31,2,162.72,苏州,男,41,淘宝,2024,10,17,22
U6885,蔡中振,P38251,连衣裙,服装,193.24,2024-04-16 13:19:56,3,579.72,北京,女,60,淘宝,2024,4,16,13
U5876,邵林生,P69211,拼图,玩具,86.09,2024-09-07 11:22:19,3,258.27,南京,女,23,淘宝,2024,9,7,11
U5530,蒋冠全,P27260,时尚杂志,书籍,970.55,2024-01-18 17:56:44,2,1941.1,重庆,男,55,淘宝,2024,1,18,17
U8655,丁弘东,P27336,哑铃,运动,539.92,2024-12-29 12:09:21,1,539.92,重庆,女,35,淘宝,2024,12,29,12
U6611,姜发龙,P84146,显示器,电子产品,8243.37,2024-11-24 14:48:33,3,24730.11,西安,男,61,淘宝,2024,11,24,14
U8767,吕群,P39456,毛绒玩具,玩具,987.62,2024-08-08 20:09:37,4,3950.48,西安,男,65,淘宝,2024,8,8,20
U8397,熊榕,P98607,时尚杂志,书籍,807.25,2024-10-12 16:27:24,3,2421.75,杭州,女,28,淘宝,2024,10,12,16
U4045,钮仁波,P58774,桌游,玩具,892.47,2024-08-24 11:48:08,2,1784.94,南京,女,60,淘宝,2024,8,24,11
U7064,盛保武,P80025,防晒霜,美妆,642.46,2024-04-11 01:04:27,3,1927.38,苏州,女,32,淘宝,2024,4,11,1
U4043,俞龙,P92194,抱枕,家居,3612.95,2024-02-27 04:01:06,4,14451.8,上海,女,53,淘宝,2024,2,27,4
U6944,花政,P80157,平板电脑,电子产品,8001.5,2024-03-21 10:19:47,2,16003.0,北京,女,49,淘宝,2024,3,21,10
U3649,凌以义,P14266,篮球,运动,132.66,2024-03-23 11:22:55,4,530.64,成都,男,59,淘宝,2024,3,23,11
U8390,顾诚先,P75478,卫衣,服装,45.33,2024-12-29 16:46:12,3,135.99,天津,女,26,淘宝,2024,12,29,16
U8968,邱安天,P82930,显示器,电子产品,8553.57,2024-05-12 23:16:09,3,25660.71,苏州,男,48,淘宝,2024,5,12,23
U5537,卫朋,P25022,面霜,美妆,899.67,2024-02-12 10:16:40,2,1799.34,南京,男,21,淘宝,2024,2,12,10
U3312,蒋健邦,P62411,桌游,玩具,430.26,2024-12-16 22:48:47,5,2151.3,武汉,女,54,淘宝,2024,12,16,22
U6521,伏庆星,P75615,面霜,美妆,798.68,2024-02-19 03:13:38,5,3993.4,深圳,男,57,淘宝,2024,2,19,3
U1453,李会,P54777,台灯,家居,3831.37,2024-02-22 07:40:56,2,7662.74,北京,女,44,淘宝,2024,2,22,7
U8874,经文林,P61566,乐高积木,玩具,292.37,2024-05-18 21:31:40,4,1169.48,苏州,女,63,淘宝,2024,5,18,21
U4552,章安兴,P18088,抱枕,家居,3171.67,2024-12-12 08:53:17,4,12686.68,杭州,女,44,淘宝,2024,12,12,8
U8264,常策,P84484,跳绳,运动,258.05,2024-10-31 07:14:01,5,1290.25,天津,男,53,淘宝,2024,10,31,7
U7513,路树波,P99141,办公椅,家居,1542.45,2024-10-08 01:49:07,5,7712.25,重庆,男,51,淘宝,2024,10,8,1
U7215,罗奇岩,P92222,香水,美妆,204.58,2024-07-02 22:51:33,1,204.58,杭州,女,55,淘宝,2024,7,2,22
U6985,齐信盛,P33439,芭比娃娃,玩具,690.04,2024-10-21 18:58:01,4,2760.16,天津,女,31,淘宝,2024,10,21,18
U4145,包亨启,P15639,心理学,书籍,355.0,2024-06-03 07:09:46,1,355.0,深圳,男,59,淘宝,2024,6,3,7
U6641,宣超,P68598,粉底液,美妆,202.27,2024-11-10 16:43:46,1,202.27,上海,女,24,淘宝,2024,11,10,16
U6063,余康,P56411,拼图,玩具,727.24,2024-04-22 11:29:26,3,2181.72,杭州,男,39,淘宝,2024,4,22,11
U9716,解翰良,P27648,运动鞋,服装,241.59,2024-01-08 12:39:18,2,483.18,北京,男,58,淘宝,2024,1,8,12
U6774,昌启,P32879,防晒霜,美妆,748.31,2024-07-31 22:00:48,1,748.31,苏州,女,59,淘宝,2024,7,31,22
U5654,经豪行,P25604,办公椅,家居,3535.32,2024-08-09 10:26:38,5,17676.6,南京,男,26,淘宝,2024,8,9,10
U9675,柳江辉,P61985,羽毛球拍,运动,953.09,2024-03-18 08:57:32,2,1906.18,重庆,女,45,淘宝,2024,3,18,8
U2894,齐亨刚,P75814,时尚杂志,书籍,308.12,2024-02-24 16:53:18,1,308.12,上海,女,64,淘宝,2024,2,24,16
U5291,米勇启,P18865,瑜伽垫,运动,550.45,2024-06-14 19:59:39,4,2201.8,深圳,男,21,淘宝,2024,6,14,19
U3782,陶鹏翰,P57039,抱枕,家居,4927.92,2024-12-13 17:53:35,5,24639.6,成都,女,47,淘宝,2024,12,13,17
U6766,屈俊之,P98086,T恤,服装,26.67,2024-08-07 13:52:16,1,26.67,广州,男,32,淘宝,2024,8,7,13
U1902,何勇仁,P98463,跑步鞋,运动,250.76,2024-10-12 07:00:44,1,250.76,杭州,女,56,淘宝,2024,10,12,7
U6734,孔绍利,P97414,蓝牙耳机,电子产品,7986.8,2024-11-20 07:07:52,3,23960.4,苏州,女,28,淘宝,2024,11,20,7
U8619,贝德,P35593,篮球,运动,520.69,2024-01-05 07:47:50,1,520.69,上海,男,62,淘宝,2024,1,5,7
U6212,明风国,P86411,面霜,美妆,157.09,2024-01-27 20:59:19,2,314.18,杭州,男,28,淘宝,2024,1,27,20
U1491,颜广泰,P88429,智能手表,电子产品,4346.75,2024-11-24 09:48:30,1,4346.75,西安,男,38,淘宝,2024,11,24,9
U8999,项壮冠,P18073,沙发,家居,392.54,2024-09-23 18:01:15,1,392.54,苏州,男,44,淘宝,2024,9,23,18
U3189,于学壮,P68917,显示器,电子产品,5038.8,2024-03-29 22:18:13,5,25194.0,重庆,男,56,淘宝,2024,3,29,22
U1330,祁绍,P51091,羽毛球拍,运动,592.84,2024-07-14 13:45:21,5,2964.2,北京,男,55,淘宝,2024,7,14,13
U8797,席庆鹏,P58084,羽绒服,服装,711.63,2024-05-05 08:38:39,1,711.63,天津,女,32,淘宝,2024,5,5,8
U5749,范朗彬,P82963,运动鞋,服装,964.08,2024-08-15 15:09:22,4,3856.32,上海,男,19,淘宝,2024,8,15,15
U1723,许林,P71378,心理学,书籍,278.08,2024-05-23 01:21:33,5,1390.4,南京,男,20,淘宝,2024,5,23,1
U2327,昌绍哲,P12800,卫衣,服装,551.76,2024-10-30 07:14:10,1,551.76,深圳,男,27,淘宝,2024,10,30,7
U9150,皮奇新,P29435,口红,美妆,64.04,2024-05-01 07:30:41,4,256.16,武汉,女,46,淘宝,2024,5,1,7
U3657,韩力达,P66266,毛绒玩具,玩具,564.33,2024-03-02 00:10:12,4,2257.32,西安,女,42,淘宝,2024,3,2,0
U8843,潘永,P88623,芭比娃娃,玩具,523.25,2024-03-17 07:46:06,4,2093.0,天津,男,48,淘宝,2024,3,17,7
U2292,路榕世,P26822,口红,美妆,89.75,2024-09-11 23:42:32,5,448.75,南京,男,21,淘宝,2024,9,11,23
U3384,潘浩庆,P59032,时尚杂志,书籍,997.38,2024-09-25 10:53:56,3,2992.14,上海,男,49,淘宝,2024,9,25,10
U5745,殷良维,P29203,蓝牙耳机,电子产品,545.22,2024-10-24 03:35:09,5,2726.1,苏州,男,39,淘宝,2024,10,24,3
U2329,董斌奇,P96871,面霜,美妆,907.98,2024-02-08 12:55:21,1,907.98,北京,女,50,淘宝,2024,2,8,12
U7747,尹之光,P59252,心理学,书籍,323.91,2024-09-16 20:43:39,1,323.91,天津,女,33,淘宝,2024,9,16,20
U5984,郝安轮,P66043,蓝牙耳机,电子产品,1271.02,2024-04-17 01:35:13,5,6355.1,苏州,男,62,淘宝,2024,4,17,1
U8533,计钧腾,P89766,洗发水,美妆,42.31,2024-07-02 00:28:06,1,42.31,成都,男,34,淘宝,2024,7,2,0
U4206,张士,P18524,口红,美妆,356.35,2024-09-23 07:45:18,4,1425.4,上海,女,19,淘宝,2024,9,23,7
U9637,丁新,P61052,毛绒玩具,玩具,890.65,2024-07-23 02:38:29,5,4453.25,南京,女,55,淘宝,2024,7,23,2
U8057,潘泰,P67512,收纳盒,家居,1816.82,2024-01-14 02:04:08,5,9084.1,南京,女,46,淘宝,2024,1,14,2
U7674,徐武政,P19529,跑步鞋,运动,963.03,2024-12-09 12:56:49,1,963.03,上海,女,62,淘宝,2024,12,9,12
U2194,皮俊,P19104,卫衣,服装,230.73,2024-06-15 22:18:49,4,922.92,杭州,男,24,淘宝,2024,6,15,22
U9390,华启,P70609,粉底液,美妆,604.42,2024-01-09 10:43:53,3,1813.26,杭州,男,63,淘宝,2024,1,9,10
U8712,方成清,P57562,笔记本电脑,电子产品,685.94,2024-12-07 03:06:02,1,685.94,广州,男,24,淘宝,2024,12,7,3
U1081,梁亨固,P93391,变形金刚,玩具,259.07,2024-08-04 19:50:27,2,518.14,武汉,男,50,淘宝,2024,8,4,19
U9430,金福,P91864,羽毛球拍,运动,648.73,2024-10-27 09:45:26,1,648.73,杭州,女,21,淘宝,2024,10,27,9
U2302,常厚涛,P76942,四件套,家居,4647.43,2024-07-02 13:19:25,5,23237.15,苏州,男,57,淘宝,2024,7,2,13
U2547,奚辰树,P79546,收纳盒,家居,3185.2,2024-08-22 11:41:43,5,15926.0,南京,女,44,淘宝,2024,8,22,11
U2461,强若维,P66334,洗发水,美妆,885.89,2024-01-17 03:59:15,5,4429.45,北京,女,36,淘宝,2024,1,17,3
U4521,骆超,P14094,蓝牙耳机,电子产品,8003.51,2024-03-08 04:00:04,5,40017.55,杭州,男,53,淘宝,2024,3,8,4
U7384,滕致涛,P39895,羽毛球拍,运动,280.17,2024-12-10 16:31:05,4,1120.68,南京,女,37,淘宝,2024,12,10,16
U8905,赵善,P95971,防晒霜,美妆,378.47,2024-11-10 07:39:15,4,1513.88,南京,男,59,淘宝,2024,11,10,7
U3787,江翰,P66824,蓝牙耳机,电子产品,2116.07,2024-03-10 19:25:40,1,2116.07,北京,男,38,淘宝,2024,3,10,19
U4983,戴义,P52633,篮球,运动,472.68,2024-06-10 09:05:37,3,1418.04,天津,男,26,淘宝,2024,6,10,9
U2243,薛磊清,P58306,面霜,美妆,783.6,2024-03-07 22:03:47,4,3134.4,成都,女,23,淘宝,2024,3,7,22
U6988,丁固,P70082,充电宝,电子产品,9179.33,2024-07-16 22:28:01,2,18358.66,西安,女,41,淘宝,2024,7,16,22
U6594,戴士,P63553,跳绳,运动,823.74,2024-01-23 22:53:24,4,3294.96,杭州,女,44,淘宝,2024,1,23,22
U6806,解天文,P70345,粉底液,美妆,586.0,2024-02-08 13:19:07,3,1758.0,成都,女,35,淘宝,2024,2,8,13
U3438,邓清彬,P29609,羽绒服,服装,661.07,2024-03-16 13:20:08,2,1322.14,天津,女,27,淘宝,2024,3,16,13
U4500,喻海成,P15143,运动鞋,服装,420.01,2024-06-05 00:45:33,5,2100.05,上海,女,22,淘宝,2024,6,5,0
U3544,解固功,P51363,充电宝,电子产品,4792.21,2024-01-23 15:37:16,1,4792.21,武汉,男,46,淘宝,2024,1,23,15
U9817,唐厚敬,P43727,四件套,家居,129.7,2024-11-14 08:53:39,4,518.8,成都,男,34,淘宝,2024,11,14,8
U4469,项江,P13356,瑜伽垫,运动,294.54,2024-10-31 05:43:38,5,1472.7,西安,女,58,淘宝,2024,10,31,5
U6998,莫航,P36688,办公椅,家居,2798.62,2024-04-07 15:39:53,3,8395.86,重庆,男,46,淘宝,2024,4,7,15
U1853,蔡山顺,P87668,收纳盒,家居,4098.4,2024-06-27 18:52:39,4,16393.6,天津,女,62,淘宝,2024,6,27,18
U7935,和炎,P60422,乐高积木,玩具,869.46,2024-02-14 15:04:35,1,869.46,成都,女,59,淘宝,2024,2,14,15
U9601,高福绍,P43200,香水,美妆,564.71,2024-05-10 07:34:09,5,2823.55,天津,女,35,淘宝,2024,5,10,7
U7197,林哲谦,P76143,连衣裙,服装,984.34,2024-11-29 07:48:38,1,984.34,重庆,女,64,淘宝,2024,11,29,7
U9625,宗元波,P36234,技术教材,书籍,988.8,2024-11-05 16:15:18,3,2966.4,上海,女,63,淘宝,2024,11,5,16
U7154,史固,P94758,笔记本电脑,电子产品,4762.11,2024-05-28 07:17:02,5,23810.55,南京,女,52,淘宝,2024,5,28,7
U2463,邹宁,P29606,毛绒玩具,玩具,255.86,2024-07-25 03:58:25,3,767.58,南京,女,44,淘宝,2024,7,25,3
U5183,黄风,P42731,连衣裙,服装,429.75,2024-12-09 14:51:28,2,859.5,武汉,女,19,淘宝,2024,12,9,14
U8719,颜进亮,P42511,遥控车,玩具,825.3,2024-03-08 12:28:32,4,3301.2,成都,男,59,淘宝,2024,3,8,12
U4354,史仁,P14763,瑜伽垫,运动,541.82,2024-04-30 07:48:05,1,541.82,北京,男,54,淘宝,2024,4,30,7
U2053,鲍维,P35669,口红,美妆,530.8,2024-01-23 14:18:38,5,2654.0,西安,女,38,淘宝,2024,1,23,14
U1279,奚诚伟,P26684,漫画,书籍,799.4,2024-09-24 23:18:30,3,2398.2,北京,女,43,淘宝,2024,9,24,23
U8313,季友国,P49556,连衣裙,服装,102.88,2024-08-04 10:03:53,1,102.88,上海,女,36,淘宝,2024,8,4,10
U8378,韩志翔,P82877,篮球,运动,321.96,2024-09-21 09:50:12,4,1287.84,武汉,女,59,淘宝,2024,9,21,9
U4069,胡强,P16991,羽绒服,服装,48.78,2024-02-03 02:21:30,5,243.9,南京,男,50,淘宝,2024,2,3,2
U5956,贲鸣康,P82550,芭比娃娃,玩具,166.2,2024-12-16 11:04:56,1,166.2,武汉,男,27,淘宝,2024,12,16,11
U7654,卞山,P55603,口红,美妆,226.51,2024-01-20 02:30:02,1,226.51,成都,女,52,淘宝,2024,1,20,2
U2345,吴辰乐,P76496,羽绒服,服装,495.85,2024-10-12 16:35:24,5,2479.25,北京,男,55,淘宝,2024,10,12,16
U2045,庞谦,P43780,粉底液,美妆,685.97,2024-02-26 19:12:57,4,2743.88,西安,女,45,淘宝,2024,2,26,19
U1184,和琛,P88430,粉底液,美妆,485.13,2024-02-12 19:49:45,2,970.26,成都,女,45,淘宝,2024,2,12,19
U9098,凌武亨,P78702,洗发水,美妆,838.03,2024-04-26 16:38:04,5,4190.15,成都,男,46,淘宝,2024,4,26,16
U9482,干建刚,P33580,T恤,服装,60.26,2024-07-09 09:18:27,4,241.04,杭州,女,36,淘宝,2024,7,9,9
U9986,祁茂,P42263,羽毛球拍,运动,689.84,2024-03-13 00:53:42,3,2069.52,杭州,女,31,淘宝,2024,3,13,0
U2532,裘浩维,P34209,技术教材,书籍,725.93,2024-07-16 12:48:00,3,2177.79,广州,男,65,淘宝,2024,7,16,12
U7569,缪承健,P11211,跳绳,运动,165.19,2024-06-13 03:07:38,1,165.19,天津,男,18,淘宝,2024,6,13,3
U6077,祁和民,P66134,智能手表,电子产品,6739.54,2024-12-26 00:41:33,2,13479.08,成都,女,42,淘宝,2024,12,26,0
U3396,明天宁,P64755,哑铃,运动,505.63,2024-01-25 20:49:47,2,1011.26,重庆,男,33,淘宝,2024,1,25,20
U2364,经新壮,P79876,历史书籍,书籍,253.29,2024-07-15 12:19:20,2,506.58,重庆,女,57,淘宝,2024,7,15,12
U1601,鲁世松,P50536,技术教材,书籍,953.25,2024-08-25 09:47:11,5,4766.25,上海,男,64,淘宝,2024,8,25,9
U8815,贲言新,P58803,时尚杂志,书籍,135.15,2024-11-13 17:10:02,4,540.6,成都,女,39,淘宝,2024,11,13,17
U4329,安波,P83617,充电宝,电子产品,3774.08,2024-08-21 17:02:26,3,11322.24,深圳,男,20,淘宝,2024,8,21,17
U3894,单庆力,P71215,芭比娃娃,玩具,617.53,2024-11-27 18:50:22,5,3087.65,武汉,女,28,淘宝,2024,11,27,18
U3316,费琛哲,P65946,智能手机,电子产品,1756.31,2024-12-07 02:48:52,2,3512.62,天津,女,45,淘宝,2024,12,7,2
U7258,章栋伟,P61554,跑步鞋,运动,975.51,2024-11-30 11:56:15,1,975.51,南京,男,58,淘宝,2024,11,30,11
U5354,房宁贵,P16369,平板电脑,电子产品,4011.73,2024-10-21 21:58:51,5,20058.65,重庆,女,60,淘宝,2024,10,21,21
U1446,奚发建,P64907,变形金刚,玩具,270.62,2024-07-01 06:18:56,1,270.62,成都,男,57,淘宝,2024,7,1,6
U6238,郎承,P86759,口红,美妆,482.79,2024-02-23 13:28:10,3,1448.37,西安,女,63,淘宝,2024,2,23,13
U8354,祝和,P28742,漫画,书籍,672.83,2024-07-24 20:15:20,4,2691.32,上海,女,65,淘宝,2024,7,24,20
U9708,纪政哲,P75166,洗发水,美妆,351.29,2024-08-15 07:13:36,5,1756.45,北京,男,34,淘宝,2024,8,15,7
U8804,贝生,P49294,跑步鞋,运动,323.89,2024-12-25 21:50:30,3,971.67,苏州,男,27,淘宝,2024,12,25,21
U1177,计涛,P29296,运动鞋,服装,577.29,2024-10-31 14:06:38,4,2309.16,杭州,男,22,淘宝,2024,10,31,14
U6823,康光,P88168,夹克,服装,651.37,2024-07-25 09:45:06,2,1302.74,广州,男,59,淘宝,2024,7,25,9
U4382,康兴国,P37983,蓝牙耳机,电子产品,4909.0,2024-09-23 18:16:22,2,9818.0,南京,男,62,淘宝,2024,9,23,18
U4858,邵腾翔,P41124,充电宝,电子产品,617.27,2024-12-29 21:30:26,2,1234.54,西安,男,22,淘宝,2024,12,29,21
U1650,于龙,P54414,人物传记,书籍,264.02,2024-01-29 00:05:16,4,1056.08,西安,男,47,淘宝,2024,1,29,0
U2279,包承,P52029,蓝牙耳机,电子产品,8374.94,2024-10-22 12:43:35,3,25124.82,杭州,女,51,淘宝,2024,10,22,12
U3233,左彬国,P74175,变形金刚,玩具,355.7,2024-07-27 17:23:17,2,711.4,广州,男,53,淘宝,2024,7,27,17
U7925,姜生,P71403,智能手机,电子产品,5508.05,2024-10-03 23:29:06,1,5508.05,苏州,女,46,淘宝,2024,10,3,23
U5844,康思健,P81460,哑铃,运动,414.83,2024-02-21 01:31:08,3,1244.49,苏州,女,35,淘宝,2024,2,21,1
U9838,俞生发,P45357,四件套,家居,1657.68,2024-04-02 03:22:16,1,1657.68,天津,男,24,淘宝,2024,4,2,3
U1968,严航利,P84829,防晒霜,美妆,847.42,2024-12-07 22:44:03,5,4237.1,西安,女,54,淘宝,2024,12,7,22
U5541,皮有心,P24053,跑步鞋,运动,949.73,2024-12-03 22:36:38,3,2849.19,天津,男,24,淘宝,2024,12,3,22
U8907,方思龙,P60439,卫衣,服装,336.97,2024-03-26 03:29:10,5,1684.85,上海,女,34,淘宝,2024,3,26,3
U5384,丁翔,P22040,智能手表,电子产品,4919.29,2024-03-01 13:42:20,4,19677.16,北京,男,54,淘宝,2024,3,1,13
U3184,齐清宏,P27416,粉底液,美妆,693.79,2024-08-30 03:15:29,1,693.79,重庆,男,29,淘宝,2024,8,30,3
U5504,缪星贵,P58723,餐桌,家居,2742.97,2024-01-15 23:22:15,3,8228.91,广州,女,31,淘宝,2024,1,15,23
U2736,顾顺鹏,P40289,餐桌,家居,3048.97,2024-04-15 00:07:15,2,6097.94,天津,女,38,淘宝,2024,4,15,0
U2679,胡梁平,P12336,平板电脑,电子产品,6618.16,2024-03-22 16:10:25,1,6618.16,上海,女,39,淘宝,2024,3,22,16
U1279,薛冠光,P23153,餐桌,家居,3232.19,2024-08-19 00:32:59,1,3232.19,重庆,女,56,淘宝,2024,8,19,0
U8643,李海良,P33766,芭比娃娃,玩具,468.79,2024-04-17 03:44:54,3,1406.37,武汉,男,30,淘宝,2024,4,17,3
U1733,柯时克,P96836,时尚杂志,书籍,469.93,2024-02-02 16:36:45,4,1879.72,南京,女,39,淘宝,2024,2,2,16
U7071,季先龙,P67731,口红,美妆,334.16,2024-04-17 21:11:26,5,1670.8,重庆,男,64,淘宝,2024,4,17,21
U6113,吉博冠,P76829,人物传记,书籍,563.89,2024-09-05 09:42:39,3,1691.67,重庆,女,41,淘宝,2024,9,5,9
U8038,冯承海,P19703,卫衣,服装,966.99,2024-09-17 08:00:35,5,4834.95,北京,女,55,淘宝,2024,9,17,8
U3439,廉信建,P71261,篮球,运动,394.24,2024-05-21 03:49:32,1,394.24,天津,女,44,淘宝,2024,5,21,3
U9490,李鹏文,P17613,山地车,运动,623.21,2024-05-11 14:34:52,4,2492.84,苏州,女,28,淘宝,2024,5,11,14
U9023,邵博克,P54407,跳绳,运动,727.5,2024-03-24 13:30:47,2,1455.0,北京,男,20,淘宝,2024,3,24,13
U7212,包家彬,P91207,平板电脑,电子产品,2380.95,2024-11-27 17:36:10,5,11904.75,杭州,女,34,淘宝,2024,11,27,17
U1057,莫世维,P58928,心理学,书籍,83.56,2024-10-03 21:17:23,1,83.56,苏州,女,42,淘宝,2024,10,3,21
U8060,谈会磊,P67444,跑步鞋,运动,733.45,2024-12-28 03:20:07,4,2933.8,北京,男,56,淘宝,2024,12,28,3
U1816,刁敬奇,P49354,桌游,玩具,529.19,2024-02-06 18:40:20,4,2116.76,成都,女,47,淘宝,2024,2,6,18
U5414,贲学,P72908,化妆刷套装,美妆,987.59,2024-01-12 11:20:42,3,2962.77,杭州,女,36,淘宝,2024,1,12,11
U4959,祁乐,P33846,运动鞋,服装,300.83,2024-09-08 15:15:22,2,601.66,南京,女,59,淘宝,2024,9,8,15
U8540,冯宁光,P69293,毛绒玩具,玩具,900.09,2024-05-16 11:06:39,1,900.09,天津,女,24,淘宝,2024,5,16,11
U1889,计雄,P49435,时尚杂志,书籍,907.88,2024-02-28 10:54:32,5,4539.4,苏州,男,34,淘宝,2024,2,28,10
U2355,禹保,P59651,羽绒服,服装,272.62,2024-11-07 16:52:47,4,1090.48,杭州,女,41,淘宝,2024,11,7,16
U5181,韦明冠,P22468,口红,美妆,720.6,2024-04-29 14:45:49,3,2161.8,杭州,女,30,淘宝,2024,4,29,14
U2883,和顺福,P32213,餐桌,家居,4038.06,2024-12-18 05:11:20,1,4038.06,武汉,女,55,淘宝,2024,12,18,5
U8320,单宏,P16038,运动鞋,服装,271.22,2024-04-05 08:25:00,5,1356.1,杭州,女,56,淘宝,2024,4,5,8
U2051,万山厚,P94066,山地车,运动,911.62,2024-09-02 05:37:00,5,4558.1,南京,男,18,淘宝,2024,9,2,5
U3245,邬健,P86097,智能手表,电子产品,2199.18,2024-11-04 00:05:34,2,4398.36,深圳,男,39,淘宝,2024,11,4,0
U9547,齐维,P45136,办公椅,家居,1645.63,2024-07-03 12:29:27,4,6582.52,成都,男,38,淘宝,2024,7,3,12
U7101,汤福安,P62590,牛仔裤,服装,933.22,2024-08-23 17:58:57,3,2799.66,南京,男,51,淘宝,2024,8,23,17
U8030,和善,P91679,乐高积木,玩具,482.83,2024-10-14 18:13:45,3,1448.49,成都,女,50,淘宝,2024,10,14,18
U1385,戚中国,P74325,桌游,玩具,434.78,2024-08-24 16:58:18,5,2173.9,苏州,男,64,淘宝,2024,8,24,16
U9194,田良,P41914,遥控车,玩具,420.57,2024-09-24 00:38:13,5,2102.85,成都,女,43,淘宝,2024,9,24,0
U8793,宋若家,P95504,变形金刚,玩具,241.93,2024-06-25 22:11:55,4,967.72,武汉,女,23,淘宝,2024,6,25,22
U3712,伍会清,P18021,连衣裙,服装,357.9,2024-07-31 15:31:51,1,357.9,广州,男,40,淘宝,2024,7,31,15
U9943,汤若,P25524,洗发水,美妆,978.76,2024-05-28 09:58:14,3,2936.28,北京,男,23,淘宝,2024,5,28,9
U5825,穆松弘,P72923,跑步鞋,运动,982.32,2024-01-20 03:42:06,5,4911.6,成都,女,33,淘宝,2024,1,20,3
U5131,花哲德,P95148,篮球,运动,518.63,2024-11-04 09:32:38,1,518.63,杭州,男,49,淘宝,2024,11,4,9
U1251,张邦胜,P92191,瑜伽垫,运动,351.32,2024-08-03 02:30:11,5,1756.6,深圳,男,20,淘宝,2024,8,3,2
U5806,庞栋,P37674,芭比娃娃,玩具,847.71,2024-04-12 18:36:06,4,3390.84,北京,男,57,淘宝,2024,4,12,18
U8227,汤宁炎,P50459,香水,美妆,530.14,2024-04-06 06:31:19,4,2120.56,广州,女,43,淘宝,2024,4,6,6
U1636,冯元元,P63797,哑铃,运动,761.33,2024-01-28 21:32:09,2,1522.66,北京,女,28,淘宝,2024,1,28,21
U3225,平学波,P87802,历史书籍,书籍,205.72,2024-01-17 10:29:54,3,617.16,深圳,男,26,淘宝,2024,1,17,10
U9475,刁朗飞,P29402,山地车,运动,872.18,2024-07-05 03:19:18,1,872.18,重庆,女,22,淘宝,2024,7,5,3
U7544,屈朋勇,P94340,毛绒玩具,玩具,393.75,2024-06-15 06:48:26,4,1575.0,深圳,女,18,淘宝,2024,6,15,6
U6845,花东,P33206,牛仔裤,服装,536.02,2024-11-13 06:52:29,3,1608.06,武汉,女,45,淘宝,2024,11,13,6
U8597,傅斌雄,P67919,面霜,美妆,369.26,2024-04-03 14:26:00,1,369.26,北京,男,42,淘宝,2024,4,3,14
U1072,何文豪,P47749,充电宝,电子产品,2195.47,2024-09-10 01:25:46,3,6586.41,天津,男,21,淘宝,2024,9,10,1
U8584,季河晨,P59986,餐桌,家居,784.16,2024-07-04 15:13:43,4,3136.64,成都,女,36,淘宝,2024,7,4,15
U9828,苗海冠,P39092,面霜,美妆,466.32,2024-05-05 23:47:43,1,466.32,深圳,男,26,淘宝,2024,5,5,23
U9312,方心士,P62982,台灯,家居,2919.67,2024-04-23 16:51:46,1,2919.67,重庆,女,26,淘宝,2024,4,23,16
U5240,元维伯,P58394,卫衣,服装,335.25,2024-10-09 21:11:50,3,1005.75,苏州,男,38,淘宝,2024,10,9,21
U2763,贺行,P62716,篮球,运动,808.31,2024-12-01 01:09:58,5,4041.55,苏州,女,34,淘宝,2024,12,1,1
U8492,邬树刚,P53526,抱枕,家居,494.7,2024-07-06 23:18:25,3,1484.1,西安,男,59,淘宝,2024,7,6,23
U7275,霍力宁,P18259,四件套,家居,3721.33,2024-03-26 21:29:47,1,3721.33,重庆,女,34,淘宝,2024,3,26,21
U7664,郁绍,P53883,抱枕,家居,1906.12,2024-01-31 17:50:27,5,9530.6,南京,女,22,淘宝,2024,1,31,17
U7573,殷勇腾,P99801,化妆刷套装,美妆,472.49,2024-01-01 18:35:43,5,2362.45,广州,女,38,淘宝,2024,1,1,18
U7884,舒震会,P57249,山地车,运动,677.84,2024-01-09 15:56:05,2,1355.68,成都,男,44,淘宝,2024,1,9,15
U2379,舒斌敬,P56974,人物传记,书籍,636.04,2024-04-18 07:13:51,3,1908.12,苏州,女,46,淘宝,2024,4,18,7
U3028,施永,P80970,充电宝,电子产品,7984.49,2024-02-11 14:50:21,3,23953.47,重庆,男,59,淘宝,2024,2,11,14
U1023,安心轮,P49240,充电宝,电子产品,8951.67,2024-12-28 05:39:36,5,44758.35,杭州,男,20,淘宝,2024,12,28,5
U2644,宣杰,P24521,粉底液,美妆,293.61,2024-03-08 05:46:14,1,293.61,西安,女,63,淘宝,2024,3,8,5
U8821,万全,P78940,笔记本电脑,电子产品,1889.88,2024-03-13 19:34:29,3,5669.64,天津,男,27,淘宝,2024,3,13,19
U3174,贝邦,P15258,时尚杂志,书籍,274.49,2024-02-26 15:08:54,1,274.49,苏州,女,65,淘宝,2024,2,26,15
U4617,董利松,P89607,智能手表,电子产品,9321.56,2024-08-06 14:02:25,5,46607.8,北京,男,63,淘宝,2024,8,6,14
U2510,陶伯东,P59808,充电宝,电子产品,798.18,2024-07-02 00:17:08,1,798.18,上海,男,21,淘宝,2024,7,2,0
U1288,高海以,P98259,跑步鞋,运动,335.42,2024-01-31 13:35:06,5,1677.1,广州,男,34,淘宝,2024,1,31,13
U8735,樊平梁,P31534,桌游,玩具,84.99,2024-09-10 12:25:48,5,424.95,上海,女,24,淘宝,2024,9,10,12
U5328,经乐全,P67910,心理学,书籍,646.23,2024-07-17 19:52:05,1,646.23,广州,女,36,淘宝,2024,7,17,19
U5262,卢启河,P21876,科幻小说,书籍,353.38,2024-12-18 00:33:43,1,353.38,上海,男,53,淘宝,2024,12,18,0
U4390,季雄,P49641,笔记本电脑,电子产品,2556.62,2024-08-19 12:56:09,4,10226.48,重庆,男,22,淘宝,2024,8,19,12
U9301,皮群家,P76521,乐高积木,玩具,170.9,2024-03-29 23:11:33,1,170.9,重庆,女,47,淘宝,2024,3,29,23
U6477,房俊,P92974,心理学,书籍,605.64,2024-12-07 20:06:36,2,1211.28,南京,女,42,淘宝,2024,12,7,20
U4492,雷光建,P16790,连衣裙,服装,494.47,2024-02-04 10:36:34,2,988.94,深圳,女,36,淘宝,2024,2,4,10
U9721,姜朗有,P44934,办公椅,家居,1071.33,2024-11-29 01:37:01,2,2142.66,上海,女,32,淘宝,2024,11,29,1
U6297,傅刚,P53386,拼图,玩具,527.85,2024-05-14 16:26:07,1,527.85,北京,女,42,淘宝,2024,5,14,16
U7130,于以俊,P96979,山地车,运动,124.8,2024-07-19 20:01:05,2,249.6,南京,女,28,淘宝,2024,7,19,20
U1831,柯友绍,P93008,台灯,家居,529.86,2024-10-16 09:31:52,5,2649.3,武汉,男,22,淘宝,2024,10,16,9
U8378,舒宏磊,P23256,T恤,服装,570.42,2024-08-16 04:09:37,5,2852.1,南京,女,49,淘宝,2024,8,16,4
U3785,危义东,P67471,连衣裙,服装,581.19,2024-07-05 04:40:12,5,2905.95,武汉,女,65,淘宝,2024,7,5,4
U5913,项伯富,P28711,充电宝,电子产品,9116.33,2024-02-01 19:22:58,1,9116.33,杭州,女,46,淘宝,2024,2,1,19
U1492,魏波才,P94434,乐高积木,玩具,142.27,2024-04-12 01:58:08,2,284.54,成都,女,31,淘宝,2024,4,12,1
U8088,谢辉力,P47761,收纳盒,家居,3368.97,2024-12-15 20:59:21,2,6737.94,西安,女,24,淘宝,2024,12,15,20
U8343,傅先士,P31164,粉底液,美妆,349.01,2024-06-11 08:39:29,2,698.02,西安,男,24,淘宝,2024,6,11,8
U7572,席士时,P28684,人物传记,书籍,287.3,2024-12-23 17:23:03,3,861.9,南京,男,18,淘宝,2024,12,23,17
U6474,姚中辰,P94913,科幻小说,书籍,421.84,2024-07-15 21:51:02,5,2109.2,北京,男,57,淘宝,2024,7,15,21
U3687,颜勇,P39533,收纳盒,家居,3619.72,2024-10-20 01:13:35,3,10859.16,上海,男,56,淘宝,2024,10,20,1
U7915,卫胜,P95809,卫衣,服装,681.58,2024-10-16 15:21:17,2,1363.16,武汉,女,51,淘宝,2024,10,16,15
U6157,邬全超,P79135,粉底液,美妆,287.19,2024-10-13 23:04:28,5,1435.95,深圳,男,29,淘宝,2024,10,13,23
U1009,祁刚昌,P12397,卫衣,服装,324.58,2024-04-16 16:51:03,4,1298.32,深圳,女,52,淘宝,2024,4,16,16
U7531,应成东,P70624,粉底液,美妆,214.54,2024-03-20 00:21:52,3,643.62,重庆,女,63,淘宝,2024,3,20,0
U2432,乐克会,P87248,化妆刷套装,美妆,786.17,2024-04-25 20:00:33,2,1572.34,广州,男,65,淘宝,2024,4,25,20
U9333,丁林,P52042,餐桌,家居,4214.68,2024-11-20 13:10:50,2,8429.36,杭州,女,35,淘宝,2024,11,20,13
U2208,丁林克,P51652,洗发水,美妆,99.22,2024-03-22 15:16:25,5,496.1,上海,男,40,淘宝,2024,3,22,15
U4500,俞海,P28075,跳绳,运动,567.97,2024-04-29 07:14:04,2,1135.94,上海,女,53,淘宝,2024,4,29,7
U1317,祝新邦,P54709,遥控车,玩具,435.76,2024-04-11 20:57:12,5,2178.8,北京,男,60,淘宝,2024,4,11,20
U3029,吴楠晨,P93379,跑步鞋,运动,317.08,2024-07-01 06:54:44,5,1585.4,重庆,女,34,淘宝,2024,7,1,6
U2893,戴若富,P18099,显示器,电子产品,7205.24,2024-03-04 21:45:30,3,21615.72,重庆,男,61,淘宝,2024,3,4,21
U7831,徐昌才,P96520,时尚杂志,书籍,372.66,2024-12-24 04:22:19,2,745.32,成都,男,52,淘宝,2024,12,24,4
U1442,廉风德,P93213,跑步鞋,运动,748.38,2024-11-01 00:57:58,2,1496.76,重庆,男,44,淘宝,2024,11,1,0
U5566,奚天诚,P47213,拼图,玩具,372.66,2024-12-14 17:58:23,1,372.66,重庆,女,56,淘宝,2024,12,14,17
U9944,郎山钧,P66204,变形金刚,玩具,916.12,2024-01-09 12:15:40,3,2748.36,成都,男,51,淘宝,2024,1,9,12
U4475,谢胜,P40166,牛仔裤,服装,992.33,2024-04-08 22:20:08,2,1984.66,南京,女,25,淘宝,2024,4,8,22
U2425,鲁绍志,P90396,遥控车,玩具,913.25,2024-03-06 22:48:10,3,2739.75,重庆,男,32,淘宝,2024,3,6,22
U2563,施晨梁,P53180,毛绒玩具,玩具,476.42,2024-07-25 08:25:47,4,1905.68,上海,女,56,淘宝,2024,7,25,8
U6465,强哲坚,P97079,历史书籍,书籍,687.49,2024-11-23 23:55:06,1,687.49,西安,男,33,淘宝,2024,11,23,23
U7939,经成,P98466,智能手机,电子产品,2848.97,2024-08-15 21:31:31,3,8546.91,杭州,女,55,淘宝,2024,8,15,21
U6489,金翔奇,P63080,牛仔裤,服装,137.28,2024-05-24 02:05:17,3,411.84,北京,男,38,淘宝,2024,5,24,2
U5738,杭贵宁,P97164,拼图,玩具,788.76,2024-01-10 18:18:29,5,3943.8,成都,男,36,淘宝,2024,1,10,18
U6942,胡之鹏,P11193,夹克,服装,548.37,2024-04-19 15:03:14,3,1645.11,杭州,男,45,淘宝,2024,4,19,15
U4264,罗平维,P80889,蓝牙耳机,电子产品,6726.02,2024-02-14 14:06:19,3,20178.06,上海,女,31,淘宝,2024,2,14,14
U4832,洪政振,P34532,乐高积木,玩具,316.59,2024-08-01 06:30:31,3,949.77,重庆,女,19,淘宝,2024,8,1,6
U7251,蒋达飞,P26365,技术教材,书籍,611.96,2024-12-21 05:31:57,2,1223.92,广州,男,41,淘宝,2024,12,21,5
U3440,诸刚,P49310,连衣裙,服装,230.83,2024-07-24 14:07:54,2,461.66,上海,女,31,淘宝,2024,7,24,14
U9778,尤朋亨,P93647,平板电脑,电子产品,5944.42,2024-03-08 17:00:15,5,29722.1,上海,女,62,淘宝,2024,3,8,17
U2341,龚勇海,P40039,牛仔裤,服装,246.81,2024-05-23 19:18:00,4,987.24,成都,男,35,淘宝,2024,5,23,19
U2416,水之中,P36915,收纳盒,家居,1133.07,2024-03-12 16:58:45,4,4532.28,苏州,女,34,淘宝,2024,3,12,16
U3624,杜克斌,P92307,芭比娃娃,玩具,235.44,2024-07-24 00:44:34,5,1177.2,南京,女,24,淘宝,2024,7,24,0
U6841,滕以,P62977,T恤,服装,953.94,2024-01-24 03:29:25,1,953.94,杭州,女,39,淘宝,2024,1,24,3
U3321,汤茂启,P68257,历史书籍,书籍,603.81,2024-11-07 12:59:38,4,2415.24,北京,女,32,淘宝,2024,11,7,12
U7711,莫壮宏,P83127,智能手机,电子产品,7300.3,2024-03-20 23:22:42,1,7300.3,武汉,男,27,淘宝,2024,3,20,23
U9753,宗海达,P63963,卫衣,服装,911.42,2024-02-09 04:21:01,3,2734.26,苏州,男,27,淘宝,2024,2,9,4
U9797,舒文杰,P99595,显示器,电子产品,4870.63,2024-01-12 08:28:50,3,14611.89,苏州,男,42,淘宝,2024,1,12,8
U6233,舒诚,P18078,办公椅,家居,1648.09,2024-03-02 21:26:06,5,8240.45,西安,男,51,淘宝,2024,3,2,21
U1145,周行,P24880,瑜伽垫,运动,339.56,2024-03-20 18:22:58,4,1358.24,广州,女,28,淘宝,2024,3,20,18
U6645,魏雄光,P14079,山地车,运动,416.94,2024-03-29 04:57:33,5,2084.7,成都,男,63,淘宝,2024,3,29,4
U4377,蔡思斌,P40369,粉底液,美妆,689.96,2024-11-22 04:00:56,3,2069.88,广州,男,39,淘宝,2024,11,22,4
U4807,穆海绍,P48928,跑步鞋,运动,321.83,2024-05-21 17:33:35,3,965.49,北京,男,31,淘宝,2024,5,21,17
U4047,穆谦,P25595,芭比娃娃,玩具,816.48,2024-02-27 20:46:13,2,1632.96,重庆,男,56,淘宝,2024,2,27,20
U2858,俞勇军,P37658,羽毛球拍,运动,736.72,2024-07-03 14:53:24,1,736.72,广州,男,61,淘宝,2024,7,3,14
U4851,昝腾,P43748,连衣裙,服装,594.41,2024-02-15 08:59:11,5,2972.05,武汉,男,47,淘宝,2024,2,15,8
U6919,彭亮奇,P99301,台灯,家居,1270.78,2024-01-18 06:17:45,3,3812.34,重庆,男,45,淘宝,2024,1,18,6
U2855,贺力军,P42108,瑜伽垫,运动,251.19,2024-06-06 18:32:17,3,753.57,杭州,女,23,淘宝,2024,6,6,18
U6976,任昌峰,P69675,篮球,运动,856.5,2024-08-23 08:59:25,2,1713.0,西安,女,30,淘宝,2024,8,23,8
U3487,窦策,P30789,充电宝,电子产品,6866.87,2024-03-21 23:42:00,3,20600.61,北京,男,32,淘宝,2024,3,21,23
U3971,柳平明,P91446,智能手机,电子产品,7126.03,2024-06-10 11:31:13,1,7126.03,北京,女,42,淘宝,2024,6,10,11
U1010,元有,P81934,充电宝,电子产品,2506.34,2024-05-03 06:19:57,1,2506.34,武汉,男,37,淘宝,2024,5,3,6
U6763,卫东,P50792,科幻小说,书籍,511.68,2024-07-26 10:15:35,3,1535.04,广州,男,52,淘宝,2024,7,26,10
U8688,米心国,P64335,羽毛球拍,运动,693.52,2024-01-30 14:01:15,3,2080.56,南京,女,42,淘宝,2024,1,30,14
U1553,谈伯坚,P16930,技术教材,书籍,576.75,2024-09-20 10:35:54,5,2883.75,深圳,男,51,淘宝,2024,9,20,10
U6567,邱良之,P25837,心理学,书籍,443.54,2024-07-23 18:02:00,3,1330.62,武汉,女,26,淘宝,2024,7,23,18
U7547,胡光,P17486,智能手表,电子产品,8520.21,2024-06-12 17:38:29,1,8520.21,北京,男,44,淘宝,2024,6,12,17
U9779,时政,P17930,显示器,电子产品,2977.51,2024-04-16 04:10:16,2,5955.02,武汉,女,19,淘宝,2024,4,16,4
U6393,江有时,P77482,羽毛球拍,运动,492.09,2024-07-28 05:23:16,2,984.18,广州,女,45,淘宝,2024,7,28,5
U9072,凌星辰,P63235,口红,美妆,102.26,2024-05-19 13:32:03,2,204.52,广州,女,34,淘宝,2024,5,19,13
U4337,禹若光,P27358,运动鞋,服装,568.84,2024-12-29 13:05:45,3,1706.52,苏州,女,19,淘宝,2024,12,29,13
U8367,房振克,P56558,心理学,书籍,590.8,2024-08-24 13:35:40,2,1181.6,西安,女,48,淘宝,2024,8,24,13
U6635,时盛民,P29834,跑步鞋,运动,214.7,2024-11-28 02:42:33,5,1073.5,西安,男,20,淘宝,2024,11,28,2
U6700,穆栋,P19852,牛仔裤,服装,196.55,2024-07-05 03:40:27,4,786.2,北京,女,34,淘宝,2024,7,5,3
U3797,范冠航,P71545,科幻小说,书籍,150.85,2024-07-16 15:13:10,5,754.25,天津,女,60,淘宝,2024,7,16,15
U9826,时贵奇,P73006,智能手机,电子产品,637.03,2024-08-16 03:54:10,2,1274.06,上海,男,51,淘宝,2024,8,16,3
U4424,严仁健,P93839,充电宝,电子产品,9629.8,2024-02-20 08:04:28,4,38519.2,深圳,男,36,淘宝,2024,2,20,8
U6771,朱裕,P25678,篮球,运动,88.46,2024-12-10 01:39:00,1,88.46,深圳,男,62,淘宝,2024,12,10,1
U6559,凤以之,P69500,运动鞋,服装,75.03,2024-09-10 18:11:06,5,375.15,广州,男,31,淘宝,2024,9,10,18
U4367,滕天全,P69384,连衣裙,服装,324.78,2024-10-13 04:12:01,4,1299.12,深圳,女,25,淘宝,2024,10,13,4
U9835,纪政东,P41152,化妆刷套装,美妆,246.74,2024-02-10 03:46:06,3,740.22,重庆,男,44,淘宝,2024,2,10,3
U2082,危辰梁,P10932,跳绳,运动,920.52,2024-12-25 05:01:32,1,920.52,广州,男,57,淘宝,2024,12,25,5
U6810,潘达,P59194,香水,美妆,407.91,2024-06-09 08:08:43,5,2039.55,广州,男,47,淘宝,2024,6,9,8
U4369,贺宁元,P90226,智能手表,电子产品,6320.04,2024-11-03 23:16:34,3,18960.12,上海,女,28,淘宝,2024,11,3,23
U2425,闵腾,P15562,时尚杂志,书籍,990.4,2024-07-17 22:06:31,4,3961.6,杭州,男,26,淘宝,2024,7,17,22
U1040,贾诚腾,P29746,T恤,服装,271.71,2024-06-19 07:48:57,2,543.42,广州,女,56,淘宝,2024,6,19,7
U5583,李新泽,P82321,四件套,家居,4758.04,2024-09-15 01:50:36,2,9516.08,广州,男,64,淘宝,2024,9,15,1
U9588,狄梁,P85605,防晒霜,美妆,111.35,2024-02-10 16:55:26,2,222.7,南京,男,35,淘宝,2024,2,10,16
U6765,宋全树,P46855,洗发水,美妆,32.85,2024-01-03 01:21:26,5,164.25,重庆,女,45,淘宝,2024,1,3,1
U3428,洪行榕,P29225,化妆刷套装,美妆,571.88,2024-05-05 07:42:07,1,571.88,广州,男,30,淘宝,2024,5,5,7
U5910,韦功飞,P37991,夹克,服装,348.4,2024-08-13 13:41:05,4,1393.6,南京,女,43,淘宝,2024,8,13,13
U2082,贺峰永,P67516,科幻小说,书籍,72.77,2024-05-17 00:29:36,5,363.85,杭州,男,42,淘宝,2024,5,17,0
U6862,杜河,P33171,乐高积木,玩具,147.73,2024-07-17 08:25:27,3,443.19,广州,男,42,淘宝,2024,7,17,8
U1808,许乐,P90047,人物传记,书籍,536.65,2024-04-30 19:08:14,4,2146.6,北京,男,25,淘宝,2024,4,30,19
U9405,盛宁,P67899,台灯,家居,2762.61,2024-10-31 23:07:45,4,11050.44,武汉,男,33,淘宝,2024,10,31,23
U4401,杨若亮,P53352,乐高积木,玩具,632.11,2024-11-07 18:34:50,3,1896.33,南京,男,32,淘宝,2024,11,7,18
U8367,管泰勇,P76808,羽绒服,服装,400.61,2024-02-09 12:59:45,5,2003.05,广州,男,44,淘宝,2024,2,9,12
U1542,米力弘,P32035,科幻小说,书籍,631.03,2024-08-23 20:14:39,1,631.03,成都,男,55,淘宝,2024,8,23,20
U5637,康达彬,P17941,篮球,运动,154.76,2024-07-19 16:00:26,1,154.76,苏州,女,41,淘宝,2024,7,19,16
U3869,卞士旭,P28992,显示器,电子产品,3351.41,2024-02-02 08:39:44,2,6702.82,深圳,女,41,淘宝,2024,2,2,8
U7567,葛林祥,P92570,漫画,书籍,697.97,2024-10-28 19:05:42,3,2093.91,杭州,女,33,淘宝,2024,10,28,19
U2703,梅军振,P42225,化妆刷套装,美妆,608.66,2024-03-01 00:36:15,2,1217.32,深圳,女,64,淘宝,2024,3,1,0
U4095,贺昌明,P25606,粉底液,美妆,606.52,2024-01-22 16:24:19,4,2426.08,苏州,女,33,淘宝,2024,1,22,16
U3326,袁策,P26233,羽绒服,服装,691.53,2024-06-01 15:14:12,5,3457.65,广州,男,43,淘宝,2024,6,1,15
U8990,贝家冠,P49533,智能手机,电子产品,2682.44,2024-08-30 02:36:11,1,2682.44,天津,女,57,淘宝,2024,8,30,2
U9966,方民,P99862,面霜,美妆,702.47,2024-04-26 05:27:00,4,2809.88,北京,女,61,淘宝,2024,4,26,5
U6765,廉振,P79852,瑜伽垫,运动,400.41,2024-06-01 16:51:42,2,800.82,重庆,男,19,淘宝,2024,6,1,16
U3775,吉厚,P85310,牛仔裤,服装,102.46,2024-07-09 16:37:35,5,512.3,南京,女,37,淘宝,2024,7,9,16
U4296,岑德德,P36495,智能手表,电子产品,2237.9,2024-11-05 17:59:04,3,6713.7,杭州,女,51,淘宝,2024,11,5,17
U6442,费昌会,P12903,洗发水,美妆,994.03,2024-02-24 23:41:32,3,2982.09,西安,女,30,淘宝,2024,2,24,23
U6148,强元泽,P99400,面霜,美妆,269.23,2024-11-24 22:56:26,5,1346.15,北京,女,42,淘宝,2024,11,24,22
U2940,危翔,P32126,桌游,玩具,924.36,2024-08-23 03:13:22,2,1848.72,深圳,女,40,淘宝,2024,8,23,3
U1311,阮超彪,P76257,餐桌,家居,1325.65,2024-11-12 05:52:07,2,2651.3,天津,男,54,淘宝,2024,11,12,5
U8359,常广亮,P96598,心理学,书籍,717.5,2024-01-19 10:18:58,2,1435.0,成都,男,23,淘宝,2024,1,19,10
U9325,尤勇,P55762,沙发,家居,4027.46,2024-03-01 17:01:03,4,16109.84,成都,女,33,淘宝,2024,3,1,17
U4838,范发兴,P42608,化妆刷套装,美妆,33.85,2024-03-19 18:07:16,5,169.25,深圳,女,37,淘宝,2024,3,19,18
U6218,康毅政,P20588,跑步鞋,运动,391.04,2024-02-02 04:03:02,3,1173.12,杭州,男,63,淘宝,2024,2,2,4
U6213,蓝安新,P11892,香水,美妆,368.41,2024-07-21 20:55:07,5,1842.05,南京,女,28,淘宝,2024,7,21,20
U5401,傅生强,P94411,沙发,家居,3478.17,2024-09-12 02:57:58,4,13912.68,南京,女,22,淘宝,2024,9,12,2
U7006,龚会维,P89647,餐桌,家居,1001.21,2024-04-28 09:44:17,5,5006.05,天津,女,19,淘宝,2024,4,28,9
U9104,褚超才,P81782,平板电脑,电子产品,5599.97,2024-04-15 11:37:20,1,5599.97,广州,女,65,淘宝,2024,4,15,11
U6221,曹勇风,P58541,平板电脑,电子产品,9694.52,2024-12-22 23:20:42,1,9694.52,上海,男,38,淘宝,2024,12,22,23
U8471,狄栋伦,P33768,技术教材,书籍,344.09,2024-12-09 10:24:02,2,688.18,北京,男,57,淘宝,2024,12,9,10
U8877,魏诚,P45371,餐桌,家居,3753.14,2024-02-20 08:33:22,3,11259.42,杭州,男,62,淘宝,2024,2,20,8
U7864,杭博安,P86368,跑步鞋,运动,239.4,2024-02-25 08:00:50,2,478.8,深圳,女,60,淘宝,2024,2,25,8
U1293,伏浩,P11541,笔记本电脑,电子产品,8668.03,2024-04-22 14:41:01,4,34672.12,西安,男,27,淘宝,2024,4,22,14
U2420,姚俊新,P96738,遥控车,玩具,82.16,2024-12-17 12:45:35,1,82.16,广州,男,40,淘宝,2024,12,17,12
U9544,郭思生,P91837,变形金刚,玩具,401.06,2024-10-05 06:02:55,3,1203.18,广州,女,62,淘宝,2024,10,5,6
U6830,殷振福,P96406,心理学,书籍,399.72,2024-06-01 07:26:22,3,1199.16,杭州,男,64,淘宝,2024,6,1,7
U3331,滕策磊,P99153,面霜,美妆,696.34,2024-07-11 08:33:27,2,1392.68,苏州,女,33,淘宝,2024,7,11,8
U5124,潘政涛,P18694,跑步鞋,运动,827.84,2024-10-02 08:35:50,3,2483.52,苏州,男,49,淘宝,2024,10,2,8
U6912,卞有宏,P90433,羽绒服,服装,722.28,2024-06-30 00:26:13,5,3611.4,武汉,女,37,淘宝,2024,6,30,0
U2932,卜群伦,P17938,洗发水,美妆,200.88,2024-08-27 19:31:39,3,602.64,苏州,女,48,淘宝,2024,8,27,19
U7208,蓝中哲,P32243,技术教材,书籍,855.8,2024-05-21 20:10:53,5,4279.0,深圳,女,45,淘宝,2024,5,21,20
U3609,路辰,P65872,时尚杂志,书籍,836.32,2024-09-08 22:59:51,1,836.32,上海,男,22,淘宝,2024,9,8,22
U1341,酆茂振,P32337,毛绒玩具,玩具,295.34,2024-06-04 00:09:32,3,886.02,天津,男,40,淘宝,2024,6,4,0
U7780,姜鸣发,P89328,充电宝,电子产品,4134.25,2024-12-21 15:59:33,1,4134.25,西安,男,60,淘宝,2024,12,21,15
U5177,贾群,P85066,历史书籍,书籍,927.59,2024-05-03 03:17:03,2,1855.18,成都,男,61,淘宝,2024,5,3,3
U8694,狄信福,P14781,心理学,书籍,408.61,2024-11-20 12:22:22,2,817.22,武汉,女,29,淘宝,2024,11,20,12
U9865,麻震克,P64395,桌游,玩具,959.65,2024-08-20 03:18:39,5,4798.25,苏州,男,38,淘宝,2024,8,20,3
U7536,毕仁朗,P92763,羽毛球拍,运动,413.46,2024-12-24 23:25:50,3,1240.38,北京,男,20,淘宝,2024,12,24,23
U6194,谈钧河,P96207,牛仔裤,服装,779.18,2024-04-29 18:16:38,4,3116.72,深圳,男,35,淘宝,2024,4,29,18
U7166,褚泰,P16976,心理学,书籍,31.9,2024-08-07 16:02:07,2,63.8,上海,男,60,淘宝,2024,8,7,16
U3593,祁谦谦,P30763,香水,美妆,821.89,2024-04-22 15:17:01,4,3287.56,武汉,男,64,淘宝,2024,4,22,15
U8248,汤豪,P28716,充电宝,电子产品,9674.06,2024-10-19 10:41:37,2,19348.12,深圳,男,38,淘宝,2024,10,19,10
U7767,解泰震,P59331,羽绒服,服装,565.87,2024-07-05 12:33:06,3,1697.61,南京,女,23,淘宝,2024,7,5,12
U5465,徐发鸣,P85351,台灯,家居,4931.7,2024-05-10 14:33:19,2,9863.4,重庆,女,57,淘宝,2024,5,10,14
U6943,皮健海,P51974,化妆刷套装,美妆,623.01,2024-03-12 22:59:19,3,1869.03,成都,女,59,淘宝,2024,3,12,22
U7730,缪和波,P53749,拼图,玩具,840.56,2024-05-02 20:25:57,2,1681.12,杭州,女,37,淘宝,2024,5,2,20
U4226,常江群,P25740,充电宝,电子产品,8661.4,2024-06-15 06:07:43,2,17322.8,北京,女,27,淘宝,2024,6,15,6
U7164,孟才信,P98557,卫衣,服装,124.54,2024-08-19 15:57:37,3,373.62,广州,男,52,淘宝,2024,8,19,15
U1181,萧哲宏,P62746,乐高积木,玩具,800.83,2024-09-24 12:51:38,3,2402.49,广州,男,62,淘宝,2024,9,24,12
U3740,明振浩,P91161,毛绒玩具,玩具,843.54,2024-10-05 08:32:47,1,843.54,成都,男,32,淘宝,2024,10,5,8
U1290,岑彬松,P54625,餐桌,家居,1184.09,2024-05-28 03:37:00,3,3552.27,南京,男,33,淘宝,2024,5,28,3
U2598,喻涛祥,P83590,变形金刚,玩具,445.19,2024-11-13 06:38:28,4,1780.76,天津,男,41,淘宝,2024,11,13,6
U5787,皮政谦,P61659,时尚杂志,书籍,788.97,2024-10-03 05:40:27,3,2366.91,苏州,男,53,淘宝,2024,10,3,5
U5325,湛保,P47062,时尚杂志,书籍,390.08,2024-08-23 03:44:49,3,1170.24,上海,男,54,淘宝,2024,8,23,3
U1883,麻彪彬,P69331,平板电脑,电子产品,8997.67,2024-07-18 08:53:05,1,8997.67,苏州,男,22,淘宝,2024,7,18,8
U6785,薛伦河,P41273,四件套,家居,3386.02,2024-12-29 06:44:38,5,16930.1,杭州,女,49,淘宝,2024,12,29,6
U5993,章义,P73381,智能手表,电子产品,2825.85,2024-06-24 16:58:21,3,8477.55,杭州,男,55,淘宝,2024,6,24,16
U9419,夏翰松,P29870,卫衣,服装,563.15,2024-12-03 01:27:10,3,1689.45,武汉,男,49,淘宝,2024,12,3,1
U5237,成辉厚,P70645,口红,美妆,477.45,2024-03-02 12:55:35,2,954.9,南京,女,43,淘宝,2024,3,2,12
U1943,喻邦清,P75013,办公椅,家居,4304.93,2024-11-26 10:48:35,4,17219.72,苏州,男,54,淘宝,2024,11,26,10
U6080,彭泽风,P63420,羽毛球拍,运动,788.29,2024-05-22 23:15:51,1,788.29,上海,女,24,淘宝,2024,5,22,23
U5382,韦思斌,P50301,餐桌,家居,4140.17,2024-04-23 20:55:39,1,4140.17,深圳,男,55,淘宝,2024,4,23,20
U8416,洪哲宏,P57777,蓝牙耳机,电子产品,3405.01,2024-11-18 01:10:22,3,10215.03,苏州,男,22,淘宝,2024,11,18,1
U9029,俞泰峰,P50959,蓝牙耳机,电子产品,7395.88,2024-04-08 16:18:58,3,22187.64,成都,男,26,淘宝,2024,4,8,16
U7824,蒋绍,P56625,变形金刚,玩具,392.56,2024-11-18 13:47:13,5,1962.8,深圳,女,22,淘宝,2024,11,18,13
U6623,夏天斌,P78006,智能手表,电子产品,2594.54,2024-03-22 18:07:30,4,10378.16,武汉,男,58,淘宝,2024,3,22,18
U6586,云士,P64090,香水,美妆,941.77,2024-12-06 13:49:44,2,1883.54,上海,男,49,淘宝,2024,12,6,13
U7166,黄厚志,P82777,羽绒服,服装,139.68,2024-06-20 23:30:32,5,698.4,深圳,女,24,淘宝,2024,6,20,23
U7572,娄河毅,P91295,哑铃,运动,137.44,2024-12-12 06:10:57,1,137.44,广州,男,44,淘宝,2024,12,12,6
U6684,季榕政,P34453,蓝牙耳机,电子产品,6957.6,2024-09-15 03:14:35,4,27830.4,杭州,男,48,淘宝,2024,9,15,3
U6874,葛坚昌,P73892,四件套,家居,673.33,2024-10-23 09:03:26,3,2019.99,南京,男,52,淘宝,2024,10,23,9
U7200,皮邦泽,P30974,餐桌,家居,174.46,2024-12-08 07:08:11,3,523.38,上海,女,19,淘宝,2024,12,8,7
U8882,房伦坚,P92454,遥控车,玩具,101.69,2024-01-06 02:59:32,1,101.69,苏州,女,21,淘宝,2024,1,6,2
U4102,邵志绍,P95570,夹克,服装,558.42,2024-11-09 08:49:34,2,1116.84,西安,男,50,淘宝,2024,11,9,8
U1059,孟广乐,P80119,智能手表,电子产品,9468.63,2024-10-29 03:39:49,3,28405.89,成都,男,51,淘宝,2024,10,29,3
U1532,朱致,P93539,化妆刷套装,美妆,121.44,2024-07-24 08:27:50,2,242.88,杭州,女,40,淘宝,2024,7,24,8
U9267,曹之,P72306,智能手机,电子产品,5019.71,2024-07-12 12:24:37,2,10039.42,上海,男,58,淘宝,2024,7,12,12
U2919,汪军,P66679,羽绒服,服装,135.34,2024-05-17 06:10:01,2,270.68,杭州,男,63,淘宝,2024,5,17,6
U2657,姜文弘,P54687,餐桌,家居,2258.25,2024-02-24 22:43:05,4,9033.0,广州,女,43,淘宝,2024,2,24,22
U7819,包辰,P53241,面霜,美妆,952.68,2024-05-22 22:34:57,2,1905.36,武汉,男,44,淘宝,2024,5,22,22
U4820,潘楠腾,P98984,收纳盒,家居,1741.69,2024-02-04 05:06:05,1,1741.69,上海,女,24,淘宝,2024,2,4,5
U7039,戚敬,P57463,卫衣,服装,88.22,2024-11-14 21:30:58,3,264.66,广州,男,30,淘宝,2024,11,14,21
U5248,于涛弘,P23966,心理学,书籍,62.52,2024-07-24 19:51:57,3,187.56,北京,女,45,淘宝,2024,7,24,19
U8298,卫启,P98732,心理学,书籍,348.47,2024-01-04 16:42:17,5,1742.35,苏州,男,27,淘宝,2024,1,4,16
U2013,和鸣,P16017,拼图,玩具,156.35,2024-01-26 02:00:14,5,781.75,武汉,男,54,淘宝,2024,1,26,2
U7066,沈武中,P48435,牛仔裤,服装,695.06,2024-03-04 15:12:10,4,2780.24,杭州,女,51,淘宝,2024,3,4,15
U6402,邵毅,P88065,心理学,书籍,123.57,2024-10-25 06:06:42,1,123.57,深圳,女,46,淘宝,2024,10,25,6
U2518,薛林,P67254,四件套,家居,744.56,2024-07-30 17:42:21,2,1489.12,上海,女,60,淘宝,2024,7,30,17
U1320,严友江,P97205,心理学,书籍,573.91,2024-10-02 18:42:17,3,1721.73,杭州,女,44,淘宝,2024,10,2,18
U3565,倪勇谦,P43608,笔记本电脑,电子产品,3190.59,2024-10-25 13:34:57,5,15952.95,北京,男,41,淘宝,2024,10,25,13
U6093,昝世军,P80915,羽毛球拍,运动,499.7,2024-02-22 19:03:08,5,2498.5,苏州,男,59,淘宝,2024,2,22,19
U4624,郎时心,P85016,办公椅,家居,4589.19,2024-04-07 16:12:15,3,13767.57,苏州,男,42,淘宝,2024,4,7,16
U6142,水伦,P71180,餐桌,家居,1938.15,2024-05-06 01:50:06,1,1938.15,武汉,男,65,淘宝,2024,5,6,1
U3358,杜梁龙,P73223,化妆刷套装,美妆,505.96,2024-12-06 07:04:28,2,1011.92,北京,女,40,淘宝,2024,12,6,7
U5714,杭腾文,P17996,拼图,玩具,570.0,2024-07-06 18:08:51,3,1710.0,重庆,女,25,淘宝,2024,7,6,18
U9894,鲁善思,P87893,化妆刷套装,美妆,161.93,2024-02-09 13:49:16,3,485.79,成都,男,30,淘宝,2024,2,9,13
U3351,余仁政,P45636,蓝牙耳机,电子产品,5954.58,2024-04-23 13:45:07,4,23818.32,杭州,女,45,淘宝,2024,4,23,13
U3617,明元伯,P34001,沙发,家居,2502.89,2024-10-11 05:49:44,1,2502.89,广州,男,35,淘宝,2024,10,11,5
U3583,干杰力,P38354,连衣裙,服装,664.48,2024-11-20 07:24:55,2,1328.96,重庆,男,35,淘宝,2024,11,20,7
U4427,岑子,P54640,办公椅,家居,3580.83,2024-04-08 00:02:11,1,3580.83,南京,女,21,淘宝,2024,4,8,0
U8867,季致,P92911,化妆刷套装,美妆,27.63,2024-06-04 05:13:59,5,138.15,重庆,女,45,淘宝,2024,6,4,5
U5054,成士,P20834,收纳盒,家居,1223.91,2024-11-28 22:36:51,5,6119.55,天津,女,37,淘宝,2024,11,28,22
U1462,裘以克,P33072,运动鞋,服装,942.67,2024-03-17 11:02:54,5,4713.35,苏州,男,43,淘宝,2024,3,17,11
U9912,汪朗言,P24472,显示器,电子产品,9215.6,2024-07-25 22:28:33,3,27646.8,苏州,男,61,淘宝,2024,7,25,22
U8029,卢震壮,P50725,四件套,家居,3035.55,2024-12-28 09:57:41,2,6071.1,苏州,女,23,淘宝,2024,12,28,9
U6315,和盛平,P50500,蓝牙耳机,电子产品,9341.43,2024-10-03 21:33:51,2,18682.86,成都,女,18,淘宝,2024,10,3,21
U4416,姜雄涛,P13527,毛绒玩具,玩具,208.57,2024-01-03 11:56:46,5,1042.85,深圳,男,23,淘宝,2024,1,3,11
U3576,薛承策,P70179,收纳盒,家居,1236.28,2024-05-22 14:24:22,4,4945.12,广州,男,51,淘宝,2024,5,22,14
U4632,纪炎,P60408,口红,美妆,358.46,2024-10-03 14:54:42,3,1075.38,成都,女,44,淘宝,2024,10,3,14
U8510,郝善,P62264,心理学,书籍,675.46,2024-11-02 11:07:47,2,1350.92,苏州,男,52,淘宝,2024,11,2,11
U5030,虞固亨,P10494,台灯,家居,3755.33,2024-03-14 13:37:11,1,3755.33,重庆,女,55,淘宝,2024,3,14,13
U2008,孔杰,P36377,人物传记,书籍,736.67,2024-06-27 17:10:34,4,2946.68,武汉,男,18,淘宝,2024,6,27,17
U7591,颜梁奇,P86298,办公椅,家居,3532.82,2024-07-28 19:58:55,5,17664.1,南京,女,22,淘宝,2024,7,28,19
U8202,顾亮军,P78109,运动鞋,服装,869.74,2024-11-19 18:54:19,1,869.74,北京,女,36,淘宝,2024,11,19,18
U9815,金林风,P37980,卫衣,服装,553.5,2024-01-30 21:50:23,2,1107.0,杭州,男,45,淘宝,2024,1,30,21
U3647,谢福才,P90103,芭比娃娃,玩具,271.98,2024-05-29 15:06:27,1,271.98,苏州,男,18,淘宝,2024,5,29,15
U2456,钱利,P26935,充电宝,电子产品,9196.4,2024-12-06 06:54:39,1,9196.4,苏州,男,28,淘宝,2024,12,6,6
U7181,湛江若,P35835,拼图,玩具,616.89,2024-09-06 20:12:44,2,1233.78,上海,男,29,淘宝,2024,9,6,20
U4873,昝和泰,P45752,粉底液,美妆,528.27,2024-11-21 01:48:00,4,2113.08,苏州,男,52,淘宝,2024,11,21,1
U1996,赵宁仁,P31466,哑铃,运动,543.18,2024-10-16 20:45:40,2,1086.36,苏州,男,47,淘宝,2024,10,16,20
U5156,窦思友,P57549,跑步鞋,运动,440.45,2024-10-29 21:32:26,5,2202.25,苏州,男,28,淘宝,2024,10,29,21
U2455,彭伯,P64425,口红,美妆,75.98,2024-01-30 19:33:30,1,75.98,西安,男,32,淘宝,2024,1,30,19
U4504,席之宏,P49545,漫画,书籍,42.56,2024-10-23 05:15:44,2,85.12,重庆,女,65,淘宝,2024,10,23,5
U4029,杜飞建,P26616,平板电脑,电子产品,9069.54,2024-12-17 09:24:27,5,45347.7,深圳,女,33,淘宝,2024,12,17,9
U1922,应策诚,P90331,收纳盒,家居,2313.0,2024-10-22 09:32:22,3,6939.0,成都,男,62,淘宝,2024,10,22,9
U8356,昌清,P18712,羽毛球拍,运动,998.86,2024-01-30 16:47:26,1,998.86,武汉,女,44,淘宝,2024,1,30,16
U6899,乐树腾,P65216,香水,美妆,107.43,2024-05-26 06:28:35,1,107.43,北京,女,48,淘宝,2024,5,26,6
U3449,柯政朋,P73660,遥控车,玩具,93.31,2024-10-08 19:04:22,1,93.31,武汉,女,39,淘宝,2024,10,8,19
U1865,柳腾时,P75240,乐高积木,玩具,440.6,2024-11-17 05:53:45,5,2203.0,重庆,男,60,淘宝,2024,11,17,5
U7060,娄东树,P80187,智能手表,电子产品,4274.0,2024-09-01 17:52:14,2,8548.0,南京,男,56,淘宝,2024,9,1,17
U7821,狄刚贵,P28915,芭比娃娃,玩具,696.83,2024-04-11 03:03:04,3,2090.49,上海,女,25,淘宝,2024,4,11,3
U9342,林健力,P37542,四件套,家居,841.51,2024-05-10 08:38:40,4,3366.04,西安,女,22,淘宝,2024,5,10,8
U3546,强国,P92898,收纳盒,家居,1057.9,2024-02-22 23:42:58,4,4231.6,武汉,女,56,淘宝,2024,2,22,23
U9307,尤文平,P56257,餐桌,家居,179.65,2024-09-29 00:09:01,5,898.25,武汉,女,50,淘宝,2024,9,29,0
U7432,钟风江,P74601,羽绒服,服装,309.61,2024-03-04 00:26:54,2,619.22,成都,男,49,淘宝,2024,3,4,0
U2640,凤策乐,P82452,卫衣,服装,686.51,2024-06-01 02:27:51,1,686.51,苏州,女,22,淘宝,2024,6,1,2
U8227,席顺功,P43558,平板电脑,电子产品,3990.47,2024-09-23 12:41:19,5,19952.35,上海,女,29,淘宝,2024,9,23,12
U8910,万良盛,P19341,连衣裙,服装,266.06,2024-05-07 04:03:56,4,1064.24,深圳,男,24,淘宝,2024,5,7,4
U1489,邵明,P68979,历史书籍,书籍,526.26,2024-07-14 11:24:17,5,2631.3,西安,女,36,淘宝,2024,7,14,11
U7339,宋辰信,P84313,抱枕,家居,3385.1,2024-12-20 22:11:11,1,3385.1,北京,女,61,淘宝,2024,12,20,22
U8169,廉翔,P81001,收纳盒,家居,4832.36,2024-08-28 10:55:54,4,19329.44,武汉,女,60,淘宝,2024,8,28,10
U9200,滕钧亨,P49973,连衣裙,服装,249.51,2024-11-20 18:09:12,1,249.51,成都,女,19,淘宝,2024,11,20,18
U1891,马江思,P83550,洗发水,美妆,170.72,2024-03-20 07:44:22,4,682.88,上海,女,24,淘宝,2024,3,20,7
U2384,方安波,P76486,乐高积木,玩具,87.28,2024-02-22 08:45:55,2,174.56,重庆,女,29,淘宝,2024,2,22,8
U5276,支彪维,P37740,牛仔裤,服装,317.66,2024-05-28 13:16:16,5,1588.3,南京,女,34,淘宝,2024,5,28,13
U3801,任生,P37280,四件套,家居,548.51,2024-10-29 06:45:03,3,1645.53,深圳,男,61,淘宝,2024,10,29,6
U6785,成言亮,P97626,台灯,家居,2907.87,2024-03-07 11:25:20,3,8723.61,广州,女,31,淘宝,2024,3,7,11
U6104,明固,P52699,人物传记,书籍,537.55,2024-07-05 01:09:51,1,537.55,成都,男,41,淘宝,2024,7,5,1
U8784,章兴裕,P92724,洗发水,美妆,229.76,2024-01-18 04:53:53,4,919.04,上海,男,26,淘宝,2024,1,18,4
U4293,熊信,P42076,漫画,书籍,577.04,2024-03-26 02:45:13,5,2885.2,苏州,男,54,淘宝,2024,3,26,2
U7732,汤腾,P91955,防晒霜,美妆,912.78,2024-06-03 10:46:31,4,3651.12,重庆,女,40,淘宝,2024,6,3,10
U7698,臧航达,P67124,山地车,运动,204.06,2024-04-24 18:38:10,3,612.18,天津,男,19,淘宝,2024,4,24,18
U8257,经翔,P67914,连衣裙,服装,917.18,2024-07-27 01:51:35,1,917.18,上海,男,52,淘宝,2024,7,27,1
U3217,郎固腾,P65447,笔记本电脑,电子产品,9408.15,2024-05-28 01:11:34,2,18816.3,广州,女,38,淘宝,2024,5,28,1
U6169,汤博先,P91377,化妆刷套装,美妆,112.87,2024-11-08 07:31:03,3,338.61,苏州,男,51,淘宝,2024,11,8,7
U9552,季裕,P20813,防晒霜,美妆,767.06,2024-01-16 21:40:29,4,3068.24,杭州,男,37,淘宝,2024,1,16,21
U1594,岑岩贵,P89943,跳绳,运动,994.0,2024-05-31 23:51:32,2,1988.0,成都,女,36,淘宝,2024,5,31,23
U1959,纪生若,P95490,瑜伽垫,运动,455.58,2024-07-29 22:58:25,3,1366.74,重庆,女,45,淘宝,2024,7,29,22
U7256,危致庆,P14333,夹克,服装,614.35,2024-02-18 15:09:25,4,2457.4,重庆,男,60,淘宝,2024,2,18,15
U8382,项言飞,P43953,洗发水,美妆,200.59,2024-07-02 06:08:00,3,601.77,天津,男,36,淘宝,2024,7,2,6
U7132,孙松思,P75394,香水,美妆,856.75,2024-01-23 11:07:17,1,856.75,南京,女,32,淘宝,2024,1,23,11
U7599,万亮良,P26618,香水,美妆,664.48,2024-07-20 03:33:27,2,1328.96,武汉,女,56,淘宝,2024,7,20,3
U4057,舒学晨,P10294,历史书籍,书籍,842.28,2024-02-04 23:54:55,3,2526.84,杭州,女,28,淘宝,2024,2,4,23
U9644,项毅家,P71884,瑜伽垫,运动,279.35,2024-05-09 18:33:56,5,1396.75,广州,男,27,淘宝,2024,5,9,18
U9756,吴盛宁,P95278,时尚杂志,书籍,712.81,2024-11-23 23:21:20,4,2851.24,深圳,女,36,淘宝,2024,11,23,23
U5905,庞树子,P98778,香水,美妆,932.75,2024-04-03 03:00:10,2,1865.5,西安,女,61,淘宝,2024,4,3,3
U2568,应功民,P76984,跳绳,运动,978.84,2024-06-25 07:08:41,5,4894.2,天津,男,39,淘宝,2024,6,25,7
U9761,石祥鹏,P27059,科幻小说,书籍,793.79,2024-05-27 01:04:32,1,793.79,北京,男,23,淘宝,2024,5,27,1
U9090,彭榕有,P48893,卫衣,服装,214.34,2024-09-10 09:17:16,2,428.68,重庆,女,26,淘宝,2024,9,10,9
U4974,华裕富,P16405,笔记本电脑,电子产品,9892.84,2024-02-20 09:35:22,2,19785.68,广州,女,39,淘宝,2024,2,20,9
U1374,唐发,P62663,智能手机,电子产品,9726.67,2024-11-19 00:40:58,2,19453.34,杭州,女,51,淘宝,2024,11,19,0
U6847,诸时豪,P88041,桌游,玩具,642.51,2024-09-17 12:28:25,5,3212.55,南京,男,37,淘宝,2024,9,17,12
U6206,姜毅,P28022,心理学,书籍,627.85,2024-03-11 20:20:05,2,1255.7,武汉,男,50,淘宝,2024,3,11,20
U6959,常海河,P11959,四件套,家居,3002.35,2024-11-13 17:01:14,5,15011.75,杭州,女,64,淘宝,2024,11,13,17
U9406,钱辰致,P26471,人物传记,书籍,200.78,2024-06-01 03:01:16,1,200.78,天津,女,23,淘宝,2024,6,1,3
U3033,霍豪进,P82513,羽绒服,服装,737.02,2024-08-02 21:45:41,4,2948.08,杭州,男,26,淘宝,2024,8,2,21
U7612,朱飞学,P45528,沙发,家居,4192.12,2024-03-29 18:52:28,4,16768.48,天津,女,59,淘宝,2024,3,29,18
U3771,钟超生,P53989,笔记本电脑,电子产品,2577.81,2024-05-24 13:43:24,5,12889.05,苏州,女,51,淘宝,2024,5,24,13
U1013,郭善庆,P20515,哑铃,运动,300.69,2024-07-27 14:17:21,2,601.38,西安,男,41,淘宝,2024,7,27,14
U4893,宋鹏豪,P86212,餐桌,家居,4983.08,2024-07-11 12:38:18,2,9966.16,成都,男,48,淘宝,2024,7,11,12
U6085,何诚天,P30311,山地车,运动,125.98,2024-12-27 17:26:36,2,251.96,杭州,男,44,淘宝,2024,12,27,17
U7941,滕中晨,P79557,人物传记,书籍,190.55,2024-10-14 10:30:28,1,190.55,成都,男,63,淘宝,2024,10,14,10
U1241,方树德,P60655,餐桌,家居,4522.01,2024-12-04 14:03:24,3,13566.03,杭州,男,34,淘宝,2024,12,4,14
U1738,麻之,P19920,防晒霜,美妆,778.11,2024-09-14 18:20:09,4,3112.44,北京,男,28,淘宝,2024,9,14,18
U2426,郝伦发,P72011,智能手表,电子产品,4173.66,2024-02-12 00:41:48,4,16694.64,成都,女,33,淘宝,2024,2,12,0
U8122,俞泽琛,P52678,遥控车,玩具,912.93,2024-08-01 21:33:35,1,912.93,深圳,男,40,淘宝,2024,8,1,21
U4734,祁宏启,P46473,瑜伽垫,运动,624.83,2024-02-07 15:39:25,3,1874.49,天津,女,35,淘宝,2024,2,7,15
U9177,岑军,P88659,智能手机,电子产品,9080.26,2024-12-20 20:20:42,2,18160.52,深圳,女,65,淘宝,2024,12,20,20
U8634,纪坚,P80369,心理学,书籍,623.41,2024-03-03 10:22:29,3,1870.23,北京,男,52,淘宝,2024,3,3,10
U4904,俞光,P71897,收纳盒,家居,2788.69,2024-02-10 18:23:08,4,11154.76,杭州,女,27,淘宝,2024,2,10,18
U3617,单之冠,P90767,充电宝,电子产品,6958.75,2024-05-17 16:15:58,2,13917.5,成都,男,34,淘宝,2024,5,17,16
U6573,左启航,P41882,沙发,家居,4293.2,2024-07-13 23:24:08,2,8586.4,苏州,女,54,淘宝,2024,7,13,23
U8136,季政泽,P53825,办公椅,家居,2788.61,2024-07-04 12:25:13,5,13943.05,重庆,女,23,淘宝,2024,7,4,12
U6208,舒建朗,P51659,四件套,家居,3781.67,2024-10-26 16:25:14,3,11345.01,武汉,女,42,淘宝,2024,10,26,16
U9093,殷克彬,P92631,智能手表,电子产品,2622.76,2024-06-12 00:01:38,1,2622.76,西安,女,44,淘宝,2024,6,12,0
U3506,严航邦,P89681,遥控车,玩具,301.14,2024-04-18 16:45:28,5,1505.7,深圳,男,36,淘宝,2024,4,18,16
U1980,葛安福,P21988,口红,美妆,880.84,2024-10-01 05:44:43,5,4404.2,武汉,女,57,淘宝,2024,10,1,5
U3449,伍茂冠,P72072,哑铃,运动,28.83,2024-06-11 03:09:30,3,86.49,南京,女,30,淘宝,2024,6,11,3
U2855,姚海,P16330,哑铃,运动,635.86,2024-03-12 22:52:43,3,1907.58,武汉,男,46,淘宝,2024,3,12,22
U2987,项强,P46922,蓝牙耳机,电子产品,3827.42,2024-03-18 02:07:21,3,11482.26,深圳,男,57,淘宝,2024,3,18,2
U5397,奚家,P80662,卫衣,服装,98.61,2024-01-05 01:55:43,2,197.22,天津,男,47,淘宝,2024,1,5,1
U3669,计善龙,P60612,芭比娃娃,玩具,323.07,2024-06-26 03:33:49,3,969.21,南京,女,42,淘宝,2024,6,26,3
U5223,魏龙家,P99875,四件套,家居,3407.26,2024-01-10 03:06:24,5,17036.3,杭州,女,62,淘宝,2024,1,10,3
U3732,袁承,P53011,抱枕,家居,1236.84,2024-05-06 05:19:41,3,3710.52,西安,男,47,淘宝,2024,5,6,5
U2911,杭亮绍,P64256,智能手机,电子产品,3375.0,2024-01-09 01:05:38,4,13500.0,天津,男,23,淘宝,2024,1,9,1
U8942,万言成,P73284,平板电脑,电子产品,3076.47,2024-05-30 11:25:43,2,6152.94,重庆,男,56,淘宝,2024,5,30,11
U1131,包波康,P85560,香水,美妆,779.24,2024-08-06 08:49:29,2,1558.48,深圳,女,47,淘宝,2024,8,6,8
U3559,谢文,P57824,蓝牙耳机,电子产品,3614.06,2024-04-19 03:26:39,4,14456.24,深圳,女,42,淘宝,2024,4,19,3
U8120,杭绍林,P30093,夹克,服装,314.54,2024-03-09 17:27:40,1,314.54,武汉,女,65,淘宝,2024,3,9,17
U5716,麻兴若,P60327,拼图,玩具,615.07,2024-01-30 09:42:15,4,2460.28,武汉,女,47,淘宝,2024,1,30,9
U4296,谢启,P12027,跑步鞋,运动,348.68,2024-11-22 03:43:48,1,348.68,北京,男,54,淘宝,2024,11,22,3
U4103,任先,P65232,餐桌,家居,1539.4,2024-12-24 08:36:40,3,4618.2,上海,女,33,淘宝,2024,12,24,8
U1215,张学林,P90740,变形金刚,玩具,544.62,2024-05-17 18:03:23,1,544.62,广州,女,51,淘宝,2024,5,17,18
U7165,尤平朋,P17094,粉底液,美妆,876.03,2024-11-19 18:29:25,4,3504.12,西安,女,34,淘宝,2024,11,19,18
U3198,杨东武,P42375,山地车,运动,216.75,2024-04-01 10:47:42,2,433.5,上海,女,65,淘宝,2024,4,1,10
U5287,董鹏,P86915,充电宝,电子产品,2358.05,2024-08-17 09:42:28,2,4716.1,广州,女,50,淘宝,2024,8,17,9
U6112,舒波,P78971,拼图,玩具,44.34,2024-05-23 11:47:50,3,133.02,成都,男,45,淘宝,2024,5,23,11
U5698,经彬,P96177,瑜伽垫,运动,289.22,2024-08-09 13:00:48,4,1156.88,杭州,男,40,淘宝,2024,8,9,13
U7998,卜乐松,P73978,心理学,书籍,598.7,2024-05-20 05:33:57,5,2993.5,重庆,女,36,淘宝,2024,5,20,5
U5097,蔡会富,P28983,四件套,家居,4244.82,2024-07-30 04:30:51,2,8489.64,广州,女,21,淘宝,2024,7,30,4
U9324,顾山山,P73044,遥控车,玩具,747.2,2024-04-15 13:30:34,5,3736.0,南京,男,47,淘宝,2024,4,15,13
U8348,孔永利,P75798,四件套,家居,251.83,2024-01-04 23:42:24,3,755.49,成都,男,32,淘宝,2024,1,4,23
U1674,褚梁强,P78605,抱枕,家居,2936.58,2024-10-30 13:07:58,3,8809.74,北京,女,55,淘宝,2024,10,30,13
U5687,董宏功,P17401,时尚杂志,书籍,429.7,2024-10-27 19:09:57,5,2148.5,天津,男,35,淘宝,2024,10,27,19
U7431,虞磊宁,P20668,抱枕,家居,2105.44,2024-11-12 07:00:35,5,10527.2,北京,女,59,淘宝,2024,11,12,7
U4303,祁奇思,P90066,粉底液,美妆,84.62,2024-04-10 08:50:28,3,253.86,成都,男,36,淘宝,2024,4,10,8
U7338,范信思,P52138,跳绳,运动,898.94,2024-05-06 04:40:03,5,4494.7,成都,男,27,淘宝,2024,5,6,4
U5997,酆鸣琛,P72041,哑铃,运动,163.55,2024-11-04 14:11:20,2,327.1,杭州,女,41,淘宝,2024,11,4,14
U4325,王天光,P11112,香水,美妆,597.42,2024-02-16 16:14:55,1,597.42,广州,女,61,淘宝,2024,2,16,16
U1646,董明,P69383,遥控车,玩具,620.38,2024-01-05 09:11:07,1,620.38,武汉,男,48,淘宝,2024,1,5,9
U9473,殷世和,P36318,人物传记,书籍,940.56,2024-03-13 06:24:49,4,3762.24,上海,女,50,淘宝,2024,3,13,6
U1521,云翔良,P25890,餐桌,家居,1146.72,2024-03-13 23:35:31,4,4586.88,成都,男,25,淘宝,2024,3,13,23
U2922,裘先友,P17925,蓝牙耳机,电子产品,7797.22,2024-11-07 16:47:01,1,7797.22,苏州,女,30,淘宝,2024,11,7,16
U4043,柯琛轮,P12092,餐桌,家居,3341.66,2024-08-19 19:46:40,2,6683.32,广州,女,59,淘宝,2024,8,19,19
U9904,罗世,P75593,显示器,电子产品,3924.5,2024-12-24 00:32:59,5,19622.5,天津,女,43,淘宝,2024,12,24,0
U9163,穆振,P58383,桌游,玩具,952.75,2024-09-29 22:25:02,5,4763.75,广州,女,56,淘宝,2024,9,29,22
U6577,娄波,P43216,毛绒玩具,玩具,242.58,2024-07-02 08:04:49,4,970.32,深圳,男,60,淘宝,2024,7,2,8
U3728,徐功,P52476,技术教材,书籍,245.88,2024-08-12 00:31:58,1,245.88,深圳,男,48,淘宝,2024,8,12,0
U9465,蓝航富,P44774,篮球,运动,535.93,2024-08-15 16:53:13,4,2143.72,天津,女,25,淘宝,2024,8,15,16
U7589,徐翰永,P19058,技术教材,书籍,449.93,2024-05-10 08:17:16,4,1799.72,天津,女,57,淘宝,2024,5,10,8
U7737,狄哲利,P42463,桌游,玩具,964.16,2024-02-29 23:03:20,5,4820.8,武汉,男,64,淘宝,2024,2,29,23
U9835,钮致建,P23918,山地车,运动,266.49,2024-05-28 01:25:07,5,1332.45,武汉,女,41,淘宝,2024,5,28,1
U9363,蔡楠,P36278,粉底液,美妆,127.21,2024-10-01 03:39:19,3,381.63,广州,女,45,淘宝,2024,10,1,3
U5215,娄楠冠,P77470,科幻小说,书籍,666.89,2024-04-16 22:02:54,2,1333.78,天津,男,61,淘宝,2024,4,16,22
U1600,毕成全,P90201,桌游,玩具,363.24,2024-12-17 21:22:41,4,1452.96,广州,男,33,淘宝,2024,12,17,21
U6877,钟安以,P77941,沙发,家居,4160.72,2024-09-12 20:25:20,1,4160.72,重庆,男,54,淘宝,2024,9,12,20
U5831,支克翰,P96846,哑铃,运动,998.7,2024-04-26 19:29:39,4,3994.8,天津,女,25,淘宝,2024,4,26,19
U8645,孔树生,P15881,运动鞋,服装,63.18,2024-06-07 18:50:18,5,315.9,广州,女,57,淘宝,2024,6,7,18
U2878,强楠安,P28242,瑜伽垫,运动,765.33,2024-05-09 09:38:18,5,3826.65,苏州,女,32,淘宝,2024,5,9,9
U5030,俞辰山,P45307,山地车,运动,958.97,2024-08-24 13:02:41,4,3835.88,深圳,男,31,淘宝,2024,8,24,13
U1434,骆德天,P87118,人物传记,书籍,695.7,2024-08-19 17:29:33,4,2782.8,苏州,男,64,淘宝,2024,8,19,17
U6991,张翔建,P98326,羽绒服,服装,740.1,2024-02-09 04:22:29,4,2960.4,武汉,女,41,淘宝,2024,2,9,4
U4943,安发,P59932,漫画,书籍,241.13,2024-08-19 23:59:42,1,241.13,重庆,男,61,淘宝,2024,8,19,23
U3012,韩伦梁,P40497,人物传记,书籍,767.25,2024-01-17 03:35:04,3,2301.75,南京,男,27,淘宝,2024,1,17,3
U5096,胡行,P53989,收纳盒,家居,1555.99,2024-08-02 21:12:29,3,4667.97,武汉,男,61,淘宝,2024,8,2,21
U2285,强时乐,P70404,香水,美妆,951.31,2024-11-08 14:14:20,2,1902.62,北京,男,30,淘宝,2024,11,8,14
U4983,毛庆,P12032,沙发,家居,2631.27,2024-12-22 17:55:33,5,13156.35,北京,男,19,淘宝,2024,12,22,17
U1003,余顺永,P89997,遥控车,玩具,377.5,2024-10-06 13:53:31,4,1510.0,深圳,女,40,淘宝,2024,10,6,13
U3991,费策,P67832,技术教材,书籍,846.71,2024-12-26 04:55:40,2,1693.42,南京,男,32,淘宝,2024,12,26,4
U2512,柳旭永,P19877,技术教材,书籍,585.53,2024-06-17 08:11:56,3,1756.59,重庆,男,30,淘宝,2024,6,17,8
U6014,岑鸣,P65790,变形金刚,玩具,508.95,2024-04-05 23:29:10,2,1017.9,深圳,男,33,淘宝,2024,4,5,23
U5653,庞先有,P47938,运动鞋,服装,827.23,2024-06-09 02:23:14,4,3308.92,广州,女,47,淘宝,2024,6,9,2
U9455,诸子谦,P26732,山地车,运动,773.02,2024-05-29 03:30:47,4,3092.08,西安,男,47,淘宝,2024,5,29,3
U4951,闵富海,P56209,智能手表,电子产品,7523.77,2024-07-05 07:16:18,5,37618.85,上海,男,65,淘宝,2024,7,5,7
U1976,钟文弘,P49847,收纳盒,家居,2777.45,2024-10-22 14:40:13,5,13887.25,北京,女,64,淘宝,2024,10,22,14
U6951,穆楠岩,P48662,漫画,书籍,248.24,2024-06-05 15:18:09,2,496.48,成都,男,60,淘宝,2024,6,5,15
U6020,洪健翰,P40388,面霜,美妆,515.37,2024-04-12 13:50:25,4,2061.48,成都,男,20,淘宝,2024,4,12,13
U9101,袁保,P55565,口红,美妆,507.95,2024-07-24 05:13:34,1,507.95,北京,男,49,淘宝,2024,7,24,5
U7547,袁树,P12383,跑步鞋,运动,701.81,2024-09-25 16:06:52,1,701.81,天津,女,35,淘宝,2024,9,25,16
U1573,万福,P91217,口红,美妆,690.97,2024-01-01 16:08:40,4,2763.88,苏州,男,57,淘宝,2024,1,1,16
U1805,和杰,P10079,羽绒服,服装,200.47,2024-10-05 01:30:37,2,400.94,天津,女,40,淘宝,2024,10,5,1
U8631,乐泰翰,P24603,面霜,美妆,319.54,2024-03-15 17:40:18,5,1597.7,武汉,女,29,淘宝,2024,3,15,17
U7187,费榕,P98663,抱枕,家居,200.05,2024-04-23 16:01:30,2,400.1,北京,男,41,淘宝,2024,4,23,16
U4992,莫庆振,P61804,平板电脑,电子产品,5393.84,2024-11-30 23:32:01,5,26969.2,苏州,男,18,淘宝,2024,11,30,23
U4628,臧勇松,P89127,牛仔裤,服装,362.94,2024-08-23 18:39:51,4,1451.76,西安,男,34,淘宝,2024,8,23,18
U4487,邱启生,P40875,显示器,电子产品,4292.81,2024-07-15 16:45:30,4,17171.24,上海,女,31,淘宝,2024,7,15,16
U6385,金利,P68677,科幻小说,书籍,382.33,2024-03-22 06:36:48,5,1911.65,杭州,男,47,淘宝,2024,3,22,6
U5022,霍保,P82082,技术教材,书籍,999.91,2024-06-22 21:24:32,2,1999.82,南京,女,57,淘宝,2024,6,22,21
U2623,殷健,P55263,运动鞋,服装,206.45,2024-05-14 01:16:53,5,1032.25,上海,男,64,淘宝,2024,5,14,1
U4911,姜才雄,P33751,粉底液,美妆,651.74,2024-12-06 19:18:17,4,2606.96,上海,男,40,淘宝,2024,12,6,19
U2324,伏涛永,P54690,心理学,书籍,845.02,2024-06-18 09:14:42,4,3380.08,深圳,男,49,淘宝,2024,6,18,9
U1769,干毅,P77706,桌游,玩具,980.78,2024-10-05 18:46:18,4,3923.12,武汉,女,54,淘宝,2024,10,5,18
U8060,何国朗,P73869,跳绳,运动,759.8,2024-05-03 03:19:57,1,759.8,成都,女,51,淘宝,2024,5,3,3
U3227,童亨厚,P15803,乐高积木,玩具,418.04,2024-11-21 00:06:17,3,1254.12,北京,女,42,淘宝,2024,11,21,0
U2168,屈磊,P49498,瑜伽垫,运动,735.62,2024-03-12 04:01:08,3,2206.86,杭州,男,63,淘宝,2024,3,12,4
U2916,沈谦,P13689,牛仔裤,服装,475.13,2024-01-22 21:17:06,1,475.13,天津,男,42,淘宝,2024,1,22,21
U5689,时航,P16004,山地车,运动,504.56,2024-03-28 22:22:06,5,2522.8,深圳,女,29,淘宝,2024,3,28,22
U2824,解楠,P71442,智能手表,电子产品,3244.64,2024-06-22 21:55:02,3,9733.92,天津,男,58,淘宝,2024,6,22,21
U8338,田博,P31445,夹克,服装,745.87,2024-10-26 07:28:29,1,745.87,上海,女,55,淘宝,2024,10,26,7
U1104,周朋波,P88993,平板电脑,电子产品,5225.48,2024-07-24 11:33:42,2,10450.96,重庆,女,60,淘宝,2024,7,24,11
U1122,郎炎,P92724,羽毛球拍,运动,65.09,2024-05-25 06:11:55,2,130.18,南京,女,47,淘宝,2024,5,25,6
U6945,安山,P38868,智能手表,电子产品,3170.67,2024-05-10 18:24:51,4,12682.68,重庆,男,40,淘宝,2024,5,10,18
U5283,章峰航,P23035,山地车,运动,694.95,2024-08-04 20:41:58,1,694.95,深圳,男,50,淘宝,2024,8,4,20
U4446,戴国,P90643,运动鞋,服装,649.08,2024-11-16 20:22:10,4,2596.32,深圳,女,65,淘宝,2024,11,16,20
U3002,金哲,P50577,历史书籍,书籍,417.9,2024-04-12 13:00:31,1,417.9,成都,男,49,淘宝,2024,4,12,13
U4899,崔伦河,P41394,办公椅,家居,459.3,2024-04-07 00:50:11,5,2296.5,广州,女,37,淘宝,2024,4,7,0
U4986,鲍中全,P89282,台灯,家居,323.31,2024-05-10 16:46:38,4,1293.24,广州,女,52,淘宝,2024,5,10,16
U9480,郁壮海,P80298,科幻小说,书籍,499.9,2024-10-22 18:36:25,2,999.8,西安,女,37,淘宝,2024,10,22,18
U3615,杜震亨,P74240,卫衣,服装,315.76,2024-08-02 12:03:39,5,1578.8,上海,女,48,淘宝,2024,8,2,12
U4227,闵哲文,P35012,办公椅,家居,651.4,2024-03-11 03:46:28,4,2605.6,成都,男,62,淘宝,2024,3,11,3
U7737,滕维义,P95540,跑步鞋,运动,649.47,2024-06-07 20:47:05,3,1948.41,天津,男,22,淘宝,2024,6,7,20
U7587,郑启林,P37502,充电宝,电子产品,7743.93,2024-05-17 14:27:44,3,23231.79,广州,女,33,淘宝,2024,5,17,14
U9701,平明全,P45618,收纳盒,家居,554.66,2024-11-04 13:28:00,5,2773.3,天津,女,58,淘宝,2024,11,4,13
U5572,方奇绍,P82610,人物传记,书籍,836.74,2024-05-28 04:25:29,3,2510.22,杭州,女,47,淘宝,2024,5,28,4
U7246,席亨龙,P48411,羽绒服,服装,104.11,2024-09-04 05:21:31,3,312.33,苏州,女,62,淘宝,2024,9,4,5
U7564,吕伟,P28154,乐高积木,玩具,92.3,2024-02-13 07:00:52,2,184.6,广州,女,61,淘宝,2024,2,13,7
U3487,林振,P11487,香水,美妆,774.45,2024-06-20 06:10:35,4,3097.8,深圳,女,64,淘宝,2024,6,20,6
U9134,胡哲先,P87904,显示器,电子产品,2443.71,2024-01-02 22:57:56,4,9774.84,西安,女,45,淘宝,2024,1,2,22
U2413,蒋行若,P55567,办公椅,家居,1647.99,2024-07-22 15:25:45,5,8239.95,苏州,女,23,淘宝,2024,7,22,15
U3593,时博义,P69815,变形金刚,玩具,897.16,2024-09-27 11:55:15,1,897.16,深圳,女,46,淘宝,2024,9,27,11
U1295,傅顺中,P84016,洗发水,美妆,773.75,2024-03-23 19:07:20,4,3095.0,南京,女,56,淘宝,2024,3,23,19
U2958,穆之,P74894,洗发水,美妆,248.25,2024-07-28 16:00:45,1,248.25,西安,女,40,淘宝,2024,7,28,16
U3571,万德斌,P72929,四件套,家居,2917.42,2024-07-01 21:30:00,1,2917.42,重庆,男,60,淘宝,2024,7,1,21
U4178,龚固,P66875,口红,美妆,594.58,2024-10-25 02:51:20,1,594.58,杭州,女,26,淘宝,2024,10,25,2
U8443,马朋,P98155,科幻小说,书籍,352.72,2024-04-30 03:57:46,1,352.72,武汉,男,57,淘宝,2024,4,30,3
U9293,谈冠宁,P19116,智能手机,电子产品,2100.31,2024-11-16 17:53:29,4,8401.24,广州,女,63,淘宝,2024,11,16,17
U4811,韦中和,P94412,收纳盒,家居,1029.56,2024-02-11 08:09:07,5,5147.8,深圳,女,53,淘宝,2024,2,11,8
U1096,茅安以,P21537,毛绒玩具,玩具,853.04,2024-03-23 12:00:01,5,4265.2,天津,女,26,淘宝,2024,3,23,12
U7272,解生进,P81392,羽毛球拍,运动,347.66,2024-11-30 18:20:26,5,1738.3,广州,女,35,淘宝,2024,11,30,18
U4387,邓光武,P67146,毛绒玩具,玩具,537.32,2024-09-19 00:52:31,1,537.32,西安,女,29,淘宝,2024,9,19,0
U2811,董清盛,P52877,运动鞋,服装,700.06,2024-11-04 09:32:46,4,2800.24,天津,男,18,淘宝,2024,11,4,9
U9775,单梁朋,P83779,粉底液,美妆,367.65,2024-07-04 01:21:24,3,1102.95,北京,男,51,淘宝,2024,7,4,1
U7597,严辉,P12827,心理学,书籍,679.23,2024-06-05 05:58:45,2,1358.46,重庆,女,49,淘宝,2024,6,5,5
U6102,蓝壮伯,P53379,洗发水,美妆,941.24,2024-03-21 16:01:48,2,1882.48,北京,女,61,淘宝,2024,3,21,16
U4609,成元峰,P70397,餐桌,家居,3546.36,2024-02-27 19:47:43,5,17731.8,深圳,男,34,淘宝,2024,2,27,19
U4064,苗泽鹏,P13400,历史书籍,书籍,566.9,2024-03-04 20:49:24,2,1133.8,北京,女,42,淘宝,2024,3,4,20
U3113,孙健兴,P36743,牛仔裤,服装,880.37,2024-06-27 09:16:26,5,4401.85,重庆,男,39,淘宝,2024,6,27,9
U5257,卫中学,P28360,充电宝,电子产品,3585.28,2024-05-04 09:37:43,3,10755.84,北京,女,33,淘宝,2024,5,4,9
U3806,万有,P26859,抱枕,家居,4489.88,2024-03-05 20:18:33,4,17959.52,西安,男,35,淘宝,2024,3,5,20
U6542,戴山先,P56999,智能手机,电子产品,7125.81,2024-08-23 00:23:01,4,28503.24,成都,男,49,淘宝,2024,8,23,0
U9764,于梁,P99751,抱枕,家居,487.66,2024-09-13 10:06:58,1,487.66,杭州,女,54,淘宝,2024,9,13,10
U6312,田保海,P20980,漫画,书籍,58.74,2024-10-09 20:19:38,5,293.7,西安,男,48,淘宝,2024,10,9,20
U6086,贝辉风,P77420,遥控车,玩具,970.91,2024-10-31 15:09:33,1,970.91,天津,男,36,淘宝,2024,10,31,15
U6298,滕昌岩,P97311,连衣裙,服装,661.97,2024-02-01 21:35:08,4,2647.88,杭州,女,60,淘宝,2024,2,1,21
U1420,蓝贵,P81343,瑜伽垫,运动,448.86,2024-02-02 00:11:47,2,897.72,成都,女,32,淘宝,2024,2,2,0
U3647,袁全兴,P86971,蓝牙耳机,电子产品,6188.15,2024-12-23 16:25:58,5,30940.75,深圳,女,62,淘宝,2024,12,23,16
U5285,石刚裕,P18765,智能手机,电子产品,1532.2,2024-05-05 10:16:04,3,4596.6,重庆,女,36,淘宝,2024,5,5,10
U6869,卢乐林,P46889,拼图,玩具,591.28,2024-01-10 10:00:53,5,2956.4,成都,女,61,淘宝,2024,1,10,10
U2128,戴翰杰,P81014,四件套,家居,123.7,2024-06-06 06:44:23,1,123.7,广州,女,18,淘宝,2024,6,6,6
U2598,金茂,P59676,乐高积木,玩具,895.12,2024-04-19 06:34:04,1,895.12,北京,男,31,淘宝,2024,4,19,6
U5426,云友成,P31026,人物传记,书籍,377.79,2024-12-13 16:14:42,3,1133.37,苏州,男,65,淘宝,2024,12,13,16
U3719,花有磊,P60526,智能手机,电子产品,7579.01,2024-06-03 19:34:12,2,15158.02,杭州,男,30,淘宝,2024,6,3,19
U1727,吉振文,P61216,洗发水,美妆,330.62,2024-09-02 13:15:57,3,991.86,南京,女,63,淘宝,2024,9,2,13
U9986,谈武以,P73956,充电宝,电子产品,2832.76,2024-08-04 06:42:53,4,11331.04,广州,女,27,淘宝,2024,8,4,6
U8174,昌福新,P57112,台灯,家居,866.97,2024-04-07 18:19:48,1,866.97,南京,男,39,淘宝,2024,4,7,18
U8990,邹信,P97806,哑铃,运动,228.41,2024-08-26 14:38:58,2,456.82,武汉,男,57,淘宝,2024,8,26,14
U3819,卢先发,P92156,心理学,书籍,313.23,2024-10-07 05:07:41,3,939.69,北京,女,57,淘宝,2024,10,7,5
U6096,孔磊弘,P72014,粉底液,美妆,305.16,2024-09-02 08:34:41,1,305.16,上海,女,26,淘宝,2024,9,2,8
U3414,余利星,P45881,化妆刷套装,美妆,59.78,2024-04-05 01:21:33,1,59.78,深圳,女,38,淘宝,2024,4,5,1
U3593,洪邦,P87226,平板电脑,电子产品,4255.69,2024-06-12 03:19:09,3,12767.07,重庆,男,33,淘宝,2024,6,12,3
U8926,喻泰,P22023,毛绒玩具,玩具,855.31,2024-04-19 04:18:20,5,4276.55,南京,女,56,淘宝,2024,4,19,4
U7237,计健顺,P60436,显示器,电子产品,2540.42,2024-07-15 08:06:57,1,2540.42,武汉,男,46,淘宝,2024,7,15,8
U5140,左旭生,P29781,化妆刷套装,美妆,211.23,2024-06-06 10:13:50,3,633.69,上海,男,42,淘宝,2024,6,6,10
U3720,阮震飞,P21981,平板电脑,电子产品,955.21,2024-02-22 09:08:08,3,2865.63,苏州,女,36,淘宝,2024,2,22,9
U9342,谢梁克,P23806,智能手表,电子产品,7572.34,2024-02-09 20:11:08,2,15144.68,广州,男,57,淘宝,2024,2,9,20
U7361,余楠松,P72400,技术教材,书籍,234.24,2024-02-28 04:21:12,4,936.96,武汉,女,62,淘宝,2024,2,28,4
U6949,左栋健,P22635,笔记本电脑,电子产品,1501.31,2024-01-06 13:16:42,4,6005.24,西安,男,58,淘宝,2024,1,6,13
U8083,谢刚健,P16424,牛仔裤,服装,454.76,2024-03-13 14:36:05,4,1819.04,深圳,女,48,淘宝,2024,3,13,14
U6732,许弘力,P37817,毛绒玩具,玩具,314.73,2024-09-06 03:38:43,3,944.19,广州,男,57,淘宝,2024,9,6,3
U6952,萧和,P65038,连衣裙,服装,134.2,2024-01-14 01:42:30,2,268.4,西安,男,33,淘宝,2024,1,14,1
U1790,危涛政,P71194,心理学,书籍,405.72,2024-07-10 18:10:38,4,1622.88,杭州,男,23,淘宝,2024,7,10,18
U7710,卜广炎,P65973,羽毛球拍,运动,291.54,2024-03-04 22:54:30,1,291.54,武汉,男,27,淘宝,2024,3,4,22
U4428,骆峰东,P12290,毛绒玩具,玩具,189.14,2024-06-06 12:20:22,5,945.7,广州,女,51,淘宝,2024,6,6,12
U8716,庞钧腾,P90564,技术教材,书籍,70.3,2024-06-19 01:40:38,4,281.2,武汉,男,20,淘宝,2024,6,19,1
U6445,诸德盛,P65566,面霜,美妆,425.62,2024-12-30 17:50:26,1,425.62,上海,男,28,淘宝,2024,12,30,17
U6421,韩先群,P56515,时尚杂志,书籍,976.45,2024-09-20 16:31:15,2,1952.9,杭州,女,32,淘宝,2024,9,20,16
U1270,费功,P47885,心理学,书籍,708.9,2024-08-13 04:51:44,5,3544.5,苏州,男,42,淘宝,2024,8,13,4
U3698,莫信健,P18496,四件套,家居,3030.91,2024-09-21 22:43:27,3,9092.73,武汉,男,42,淘宝,2024,9,21,22
U4762,米峰进,P29295,桌游,玩具,649.7,2024-06-10 22:59:53,3,1949.1,深圳,男,56,淘宝,2024,6,10,22
U1511,孔炎,P81174,智能手机,电子产品,3248.39,2024-11-02 07:02:57,4,12993.56,天津,女,27,淘宝,2024,11,2,7
U7167,明涛贵,P22896,毛绒玩具,玩具,407.8,2024-02-21 08:18:38,5,2039.0,成都,女,54,淘宝,2024,2,21,8
U7514,夏坚新,P74562,时尚杂志,书籍,83.35,2024-08-26 01:13:54,5,416.75,西安,男,38,淘宝,2024,8,26,1
U5019,俞武文,P90790,平板电脑,电子产品,8434.52,2024-06-17 12:42:13,5,42172.6,武汉,男,29,淘宝,2024,6,17,12
U2873,伍中,P34203,显示器,电子产品,8130.39,2024-04-02 02:26:10,2,16260.78,广州,女,31,淘宝,2024,4,2,2
U8180,孟厚强,P14623,牛仔裤,服装,664.63,2024-09-26 05:06:36,4,2658.52,广州,男,20,淘宝,2024,9,26,5
U4161,祁裕,P48132,跳绳,运动,836.79,2024-11-04 17:51:02,1,836.79,上海,男,59,淘宝,2024,11,4,17
U6513,伏哲,P90769,蓝牙耳机,电子产品,8435.02,2024-07-22 04:25:51,4,33740.08,武汉,男,45,淘宝,2024,7,22,4
U4436,于以明,P29575,台灯,家居,1663.83,2024-09-12 11:23:12,3,4991.49,北京,男,60,淘宝,2024,9,12,11
U8689,夏有,P50265,时尚杂志,书籍,621.53,2024-08-07 10:10:28,5,3107.65,上海,女,19,淘宝,2024,8,7,10
U5856,尤坚宏,P99339,篮球,运动,472.43,2024-11-07 11:31:32,3,1417.29,杭州,男,43,淘宝,2024,11,7,11
U2144,黄成德,P49169,粉底液,美妆,885.34,2024-08-10 19:25:39,1,885.34,天津,女,48,淘宝,2024,8,10,19
U3758,廉文林,P65232,面霜,美妆,782.75,2024-04-12 05:33:27,3,2348.25,上海,男,21,淘宝,2024,4,12,5
U2435,骆广腾,P26771,桌游,玩具,149.49,2024-02-05 03:58:54,4,597.96,重庆,女,63,淘宝,2024,2,5,3
U6134,柏腾子,P41881,时尚杂志,书籍,512.01,2024-12-02 13:30:59,1,512.01,重庆,男,24,淘宝,2024,12,2,13
U4553,施豪和,P28512,乐高积木,玩具,596.29,2024-04-29 08:18:05,5,2981.45,西安,男,29,淘宝,2024,4,29,8
U6987,邓平裕,P15736,平板电脑,电子产品,2601.42,2024-06-03 01:42:01,3,7804.26,西安,女,61,淘宝,2024,6,3,1
U3523,秦旭,P51007,芭比娃娃,玩具,480.26,2024-01-17 11:42:57,4,1921.04,苏州,男,37,淘宝,2024,1,17,11
U6246,彭强宁,P93301,跑步鞋,运动,776.23,2024-01-30 09:46:38,5,3881.15,重庆,男,35,淘宝,2024,1,30,9
U1788,田杰,P98732,办公椅,家居,1277.66,2024-01-19 05:10:23,2,2555.32,上海,男,58,淘宝,2024,1,19,5
U2596,萧时,P38132,篮球,运动,145.36,2024-10-02 02:12:28,1,145.36,重庆,女,52,淘宝,2024,10,2,2
U9356,祝子明,P77615,羽绒服,服装,663.73,2024-08-18 23:55:13,1,663.73,杭州,女,51,淘宝,2024,8,18,23
U1539,伏顺,P11982,抱枕,家居,3167.77,2024-08-14 07:31:40,5,15838.85,重庆,女,59,淘宝,2024,8,14,7
U2733,舒星伟,P93650,餐桌,家居,2627.53,2024-10-14 14:32:21,3,7882.59,西安,男,21,淘宝,2024,10,14,14
U2066,钮仁,P78107,办公椅,家居,3237.6,2024-05-06 20:31:54,1,3237.6,深圳,女,20,淘宝,2024,5,6,20
U1418,支厚,P99928,粉底液,美妆,645.84,2024-11-26 03:27:38,5,3229.2,广州,男,45,淘宝,2024,11,26,3
U9917,干鹏,P89744,桌游,玩具,962.32,2024-09-02 05:06:23,5,4811.6,广州,男,22,淘宝,2024,9,2,5
U8824,宣福,P86742,拼图,玩具,775.18,2024-12-29 14:38:41,5,3875.9,广州,男,29,淘宝,2024,12,29,14
U7110,鲁健山,P90168,人物传记,书籍,905.42,2024-01-08 16:55:16,5,4527.1,深圳,女,24,淘宝,2024,1,8,16
U8684,房子顺,P47655,心理学,书籍,363.11,2024-08-17 04:31:34,2,726.22,成都,女,40,淘宝,2024,8,17,4
U1996,许茂,P85823,跑步鞋,运动,871.68,2024-10-21 01:26:01,4,3486.72,重庆,女,26,淘宝,2024,10,21,1
U3898,戴风平,P86161,跑步鞋,运动,412.15,2024-01-08 10:05:11,4,1648.6,西安,男,45,淘宝,2024,1,8,10
U5353,柳伟宁,P51852,时尚杂志,书籍,839.36,2024-06-06 19:09:39,4,3357.44,杭州,男,64,淘宝,2024,6,6,19
U4964,伏国军,P95155,平板电脑,电子产品,6600.15,2024-04-09 14:13:02,5,33000.75,南京,女,32,淘宝,2024,4,9,14
U7435,方维,P68028,笔记本电脑,电子产品,9481.96,2024-01-03 14:54:17,1,9481.96,北京,女,52,淘宝,2024,1,3,14
U1956,萧全,P42660,科幻小说,书籍,990.21,2024-08-17 18:27:25,3,2970.63,重庆,女,43,淘宝,2024,8,17,18
U6253,蓝贵以,P24440,遥控车,玩具,440.26,2024-08-05 13:45:33,4,1761.04,成都,男,42,淘宝,2024,8,5,13
U2788,罗之利,P60797,抱枕,家居,1142.28,2024-07-04 10:06:43,4,4569.12,苏州,男,40,淘宝,2024,7,4,10
U1353,经绍昌,P66315,科幻小说,书籍,816.96,2024-04-10 15:02:43,3,2450.88,杭州,男,46,淘宝,2024,4,10,15
U4232,谢炎彬,P95181,智能手表,电子产品,9723.09,2024-09-30 17:59:05,3,29169.27,北京,男,20,淘宝,2024,9,30,17
U3044,水山泽,P50710,T恤,服装,605.49,2024-12-29 05:19:05,2,1210.98,苏州,女,33,淘宝,2024,12,29,5
U8894,苗健裕,P19605,办公椅,家居,3826.84,2024-05-18 12:13:18,1,3826.84,北京,男,36,淘宝,2024,5,18,12
U8735,费家,P17843,羽毛球拍,运动,837.2,2024-08-26 10:26:13,4,3348.8,深圳,男,20,淘宝,2024,8,26,10
U6348,崔思旭,P33489,抱枕,家居,1369.52,2024-08-05 18:48:42,4,5478.08,重庆,女,25,淘宝,2024,8,5,18
U5921,宣强辉,P88223,面霜,美妆,64.96,2024-10-25 06:20:34,5,324.8,广州,女,22,淘宝,2024,10,25,6
U7177,华刚博,P40163,牛仔裤,服装,922.75,2024-06-02 04:50:14,2,1845.5,武汉,女,48,淘宝,2024,6,2,4
U1780,麻邦鹏,P43555,沙发,家居,4666.39,2024-12-04 04:19:54,2,9332.78,上海,女,64,淘宝,2024,12,4,4
U9264,水兴树,P11413,运动鞋,服装,146.03,2024-04-20 03:19:57,5,730.15,重庆,男,54,淘宝,2024,4,20,3
U7362,蒋翔,P81377,羽毛球拍,运动,655.89,2024-08-16 04:59:49,2,1311.78,武汉,男,48,淘宝,2024,8,16,4
U5645,戚策以,P65893,人物传记,书籍,577.46,2024-03-12 17:23:55,5,2887.3,上海,男,57,淘宝,2024,3,12,17
U2270,胡浩伟,P53590,山地车,运动,296.48,2024-11-05 01:57:51,3,889.44,南京,男,59,淘宝,2024,11,5,1
U3220,华坚飞,P47247,平板电脑,电子产品,4307.84,2024-01-17 22:32:59,5,21539.2,杭州,男,63,淘宝,2024,1,17,22
U3132,陶壮树,P64040,时尚杂志,书籍,965.02,2024-12-12 00:53:14,1,965.02,上海,女,26,淘宝,2024,12,12,0
U8986,宗勇,P98453,时尚杂志,书籍,356.97,2024-05-05 04:54:48,2,713.94,成都,女,62,淘宝,2024,5,5,4
U5739,危涛,P95253,科幻小说,书籍,485.97,2024-09-02 05:13:20,2,971.94,深圳,男,36,淘宝,2024,9,2,5
U1040,狄盛,P17090,山地车,运动,903.14,2024-09-28 02:08:58,2,1806.28,武汉,男,58,淘宝,2024,9,28,2
U6236,贲先之,P75718,连衣裙,服装,451.1,2024-08-13 21:49:24,4,1804.4,天津,男,36,淘宝,2024,8,13,21
U5030,伍天文,P64575,山地车,运动,877.35,2024-11-19 23:28:55,5,4386.75,天津,女,48,淘宝,2024,11,19,23
U8301,苏祥,P32828,羽绒服,服装,680.72,2024-10-22 04:35:56,2,1361.44,苏州,男,36,淘宝,2024,10,22,4
U6014,祁新豪,P25488,蓝牙耳机,电子产品,5661.49,2024-04-01 05:51:46,5,28307.45,南京,女,26,淘宝,2024,4,1,5
U9638,邓成,P74472,拼图,玩具,443.63,2024-12-10 18:47:59,2,887.26,西安,女,32,淘宝,2024,12,10,18
U9845,费海栋,P50041,化妆刷套装,美妆,806.26,2024-05-19 10:50:05,2,1612.52,重庆,男,52,淘宝,2024,5,19,10
U6874,邹彪德,P68715,餐桌,家居,3656.86,2024-06-12 03:19:58,3,10970.58,北京,男,38,淘宝,2024,6,12,3
U8718,卜伟磊,P74978,台灯,家居,3929.05,2024-08-17 19:59:43,5,19645.25,杭州,女,64,淘宝,2024,8,17,19
U6179,万承,P59437,化妆刷套装,美妆,274.92,2024-04-03 02:44:54,5,1374.6,天津,男,60,淘宝,2024,4,3,2
U6345,包善康,P69892,口红,美妆,500.81,2024-06-23 03:25:15,5,2504.05,西安,女,34,淘宝,2024,6,23,3
U9914,顾绍清,P95078,面霜,美妆,715.76,2024-02-07 00:44:04,2,1431.52,成都,男,40,淘宝,2024,2,7,0
U1306,邱利波,P49997,卫衣,服装,464.99,2024-10-09 13:01:53,2,929.98,武汉,女,23,淘宝,2024,10,9,13
U9276,茅利心,P17799,四件套,家居,4007.54,2024-03-20 10:26:01,2,8015.08,重庆,男,30,淘宝,2024,3,20,10
U9886,邵友康,P61577,漫画,书籍,845.27,2024-05-10 09:51:13,4,3381.08,广州,女,59,淘宝,2024,5,10,9
U6221,柯志哲,P25128,洗发水,美妆,786.04,2024-03-05 14:30:10,3,2358.12,深圳,女,39,淘宝,2024,3,5,14
U1129,章涛,P67100,智能手机,电子产品,4686.88,2024-04-17 13:27:55,2,9373.76,南京,女,57,淘宝,2024,4,17,13
U8382,于天,P97884,智能手表,电子产品,1995.89,2024-11-17 11:19:04,5,9979.45,苏州,男,31,淘宝,2024,11,17,11
U8388,刁树飞,P44853,抱枕,家居,790.99,2024-10-19 00:10:00,5,3954.95,武汉,男,41,淘宝,2024,10,19,0
U6653,皮保顺,P57749,面霜,美妆,185.39,2024-08-28 05:18:22,4,741.56,南京,女,56,淘宝,2024,8,28,5
U3610,酆维力,P39916,防晒霜,美妆,328.99,2024-11-09 00:58:43,3,986.97,上海,男,39,淘宝,2024,11,9,0
U2465,石有,P37524,跑步鞋,运动,175.34,2024-03-03 22:58:59,3,526.02,上海,男,28,淘宝,2024,3,3,22
U5194,史冠达,P90868,T恤,服装,525.32,2024-01-05 18:27:13,2,1050.64,南京,男,56,淘宝,2024,1,5,18
U8860,苏松豪,P10265,人物传记,书籍,275.4,2024-12-12 05:06:02,3,826.2,武汉,男,57,淘宝,2024,12,12,5
U4030,姜茂,P68201,乐高积木,玩具,332.36,2024-10-02 20:04:51,5,1661.8,西安,男,36,淘宝,2024,10,2,20
U6257,宣豪冠,P11070,毛绒玩具,玩具,774.87,2024-02-29 09:08:50,2,1549.74,天津,男,19,淘宝,2024,2,29,9
U6227,唐善超,P85111,智能手机,电子产品,2859.83,2024-07-09 13:55:50,5,14299.15,武汉,男,56,淘宝,2024,7,9,13
U7445,方富飞,P22574,历史书籍,书籍,463.34,2024-07-12 08:38:39,2,926.68,重庆,女,29,淘宝,2024,7,12,8
U7494,吕龙,P52576,T恤,服装,595.82,2024-11-08 07:40:56,1,595.82,重庆,女,48,淘宝,2024,11,8,7
U6489,傅才固,P86914,笔记本电脑,电子产品,7124.74,2024-04-16 17:58:32,5,35623.7,武汉,男,65,淘宝,2024,4,16,17
U1876,穆伦广,P12837,历史书籍,书籍,319.44,2024-07-03 23:23:09,5,1597.2,重庆,男,41,淘宝,2024,7,3,23
U1285,董启,P35636,沙发,家居,574.5,2024-09-12 19:45:33,2,1149.0,重庆,男,61,淘宝,2024,9,12,19
U4363,杭谦刚,P69913,四件套,家居,677.11,2024-12-21 12:11:41,1,677.11,武汉,女,40,淘宝,2024,12,21,12
U9904,傅星,P44952,抱枕,家居,4383.07,2024-12-30 10:44:25,5,21915.35,西安,男,29,淘宝,2024,12,30,10
U3979,吉刚,P79642,漫画,书籍,486.72,2024-09-09 18:47:16,4,1946.88,深圳,男,63,淘宝,2024,9,9,18
U5649,蓝龙鸣,P90169,乐高积木,玩具,714.31,2024-04-05 00:53:39,4,2857.24,上海,男,45,淘宝,2024,4,5,0
U3066,阮伦盛,P90679,笔记本电脑,电子产品,4026.5,2024-09-19 16:26:06,4,16106.0,成都,男,33,淘宝,2024,9,19,16
U4572,毕震志,P19996,台灯,家居,4756.11,2024-10-06 10:36:26,3,14268.33,上海,女,52,淘宝,2024,10,6,10
U7442,席才祥,P85255,遥控车,玩具,527.78,2024-03-07 15:02:51,3,1583.34,苏州,女,52,淘宝,2024,3,7,15
U2579,蔡豪富,P93504,芭比娃娃,玩具,870.42,2024-09-05 02:36:14,3,2611.26,深圳,女,46,淘宝,2024,9,5,2
U9315,邹腾,P87578,粉底液,美妆,877.29,2024-02-24 04:02:43,1,877.29,西安,女,21,淘宝,2024,2,24,4
U6028,赵以中,P63789,充电宝,电子产品,1649.99,2024-09-06 16:43:44,2,3299.98,重庆,女,61,淘宝,2024,9,6,16
U3160,汤行元,P18732,收纳盒,家居,3852.18,2024-11-02 02:55:48,3,11556.54,广州,女,26,淘宝,2024,11,2,2
U4667,明江,P41380,洗发水,美妆,308.48,2024-03-25 13:32:17,2,616.96,南京,女,62,淘宝,2024,3,25,13
U3001,雷进俊,P91024,羽毛球拍,运动,854.68,2024-12-06 17:04:33,4,3418.72,西安,女,31,淘宝,2024,12,6,17
U5002,雷磊博,P81060,香水,美妆,473.68,2024-08-27 10:41:04,3,1421.04,成都,男,46,淘宝,2024,8,27,10
U6901,戴世刚,P95170,办公椅,家居,3448.45,2024-11-16 09:49:04,4,13793.8,北京,女,49,淘宝,2024,11,16,9
U5252,于庆言,P33386,跑步鞋,运动,472.09,2024-12-01 06:45:36,4,1888.36,杭州,女,26,淘宝,2024,12,1,6
U8062,郑朗,P15715,台灯,家居,2412.04,2024-02-28 03:03:27,4,9648.16,杭州,女,56,淘宝,2024,2,28,3
U9092,麻琛政,P71663,技术教材,书籍,531.3,2024-03-21 21:01:04,5,2656.5,广州,男,63,淘宝,2024,3,21,21
U5618,臧力,P26771,跳绳,运动,305.81,2024-05-05 01:21:56,2,611.62,成都,男,31,淘宝,2024,5,5,1
U7753,孙民峰,P66675,毛绒玩具,玩具,260.03,2024-04-22 21:18:02,4,1040.12,重庆,男,32,淘宝,2024,4,22,21
U1226,马亮,P75181,平板电脑,电子产品,5559.75,2024-05-17 20:50:28,1,5559.75,杭州,女,21,淘宝,2024,5,17,20
U2845,钟弘致,P70634,充电宝,电子产品,5777.36,2024-12-08 16:24:24,5,28886.8,北京,女,65,淘宝,2024,12,8,16
U7598,常泰国,P69912,抱枕,家居,1839.62,2024-04-20 07:45:01,5,9198.1,上海,男,36,淘宝,2024,4,20,7
U1292,施先,P13951,桌游,玩具,221.7,2024-08-07 21:26:58,2,443.4,苏州,女,62,淘宝,2024,8,7,21
U5011,郝宁俊,P40433,平板电脑,电子产品,6182.03,2024-02-22 09:07:12,1,6182.03,武汉,女,58,淘宝,2024,2,22,9
U8689,姚风,P62709,桌游,玩具,175.54,2024-11-07 09:28:14,2,351.08,武汉,男,57,淘宝,2024,11,7,9
U2887,纪和,P51009,办公椅,家居,1492.63,2024-03-21 22:26:19,1,1492.63,北京,女,42,淘宝,2024,3,21,22
U3694,喻强和,P32921,沙发,家居,2909.59,2024-03-12 22:52:50,2,5819.18,广州,女,29,淘宝,2024,3,12,22
U3090,窦康山,P70526,香水,美妆,30.89,2024-08-27 08:13:26,1,30.89,成都,女,41,淘宝,2024,8,27,8
U2367,葛发海,P35597,充电宝,电子产品,9082.83,2024-05-21 17:26:04,3,27248.49,西安,女,45,淘宝,2024,5,21,17
U5058,计先思,P68044,跑步鞋,运动,435.02,2024-02-05 08:27:51,5,2175.1,苏州,女,60,淘宝,2024,2,5,8
U5806,苗富利,P29707,充电宝,电子产品,7121.62,2024-01-29 18:49:30,1,7121.62,天津,女,38,淘宝,2024,1,29,18
U2245,华亮,P37044,心理学,书籍,805.74,2024-03-01 05:56:20,3,2417.22,武汉,女,25,淘宝,2024,3,1,5
U9302,郁兴弘,P26111,洗发水,美妆,286.51,2024-10-16 10:34:23,5,1432.55,深圳,男,19,淘宝,2024,10,16,10
U6255,岑兴宏,P30823,遥控车,玩具,170.66,2024-05-12 02:32:49,1,170.66,杭州,男,63,淘宝,2024,5,12,2
U9642,滕健鸣,P57629,科幻小说,书籍,474.76,2024-11-06 09:19:43,2,949.52,上海,女,23,淘宝,2024,11,6,9
U2073,鲁贵,P59176,时尚杂志,书籍,128.36,2024-06-26 15:10:05,5,641.8,西安,男,46,淘宝,2024,6,26,15
U6886,徐彬全,P64700,粉底液,美妆,890.64,2024-06-04 20:50:41,2,1781.28,苏州,男,29,淘宝,2024,6,4,20
U4344,屈良策,P61046,羽绒服,服装,95.7,2024-05-06 06:07:36,4,382.8,天津,男,63,淘宝,2024,5,6,6
U2178,金利震,P77685,防晒霜,美妆,577.77,2024-08-21 23:15:42,3,1733.31,苏州,男,65,淘宝,2024,8,21,23
U3852,谈学达,P72891,历史书籍,书籍,769.14,2024-12-10 13:20:40,1,769.14,上海,女,46,淘宝,2024,12,10,13
U4332,安康宏,P72769,羽毛球拍,运动,247.45,2024-03-19 17:57:37,3,742.35,南京,女,56,淘宝,2024,3,19,17
U7373,贲广民,P11266,毛绒玩具,玩具,888.3,2024-04-03 09:34:20,1,888.3,西安,女,58,淘宝,2024,4,3,9
U7332,庞邦行,P68063,卫衣,服装,412.72,2024-03-02 17:17:50,2,825.44,广州,女,35,淘宝,2024,3,2,17
U3940,禹茂腾,P19283,历史书籍,书籍,585.43,2024-04-22 22:23:23,1,585.43,武汉,女,40,淘宝,2024,4,22,22
U3828,林奇乐,P31552,桌游,玩具,785.56,2024-03-04 14:13:57,4,3142.24,重庆,女,41,淘宝,2024,3,4,14
U5723,薛维,P79507,历史书籍,书籍,327.66,2024-12-26 20:43:01,1,327.66,武汉,男,48,淘宝,2024,12,26,20
U1788,宣振新,P49037,显示器,电子产品,4270.43,2024-05-23 03:37:52,3,12811.29,上海,男,42,淘宝,2024,5,23,3
U9116,袁泰全,P56638,餐桌,家居,3733.81,2024-03-04 10:59:46,2,7467.62,北京,女,58,淘宝,2024,3,4,10
U8963,花茂豪,P19343,口红,美妆,105.09,2024-06-12 01:49:44,5,525.45,杭州,男,32,淘宝,2024,6,12,1
U2556,米平胜,P48610,跑步鞋,运动,967.35,2024-07-24 06:05:19,2,1934.7,武汉,女,48,淘宝,2024,7,24,6
U5366,齐敬俊,P87639,洗发水,美妆,544.3,2024-03-14 07:25:37,4,2177.2,南京,男,23,淘宝,2024,3,14,7
U3017,范勇航,P22292,智能手表,电子产品,1639.8,2024-04-04 15:37:59,4,6559.2,重庆,男,47,淘宝,2024,4,4,15
U5430,胡健世,P36469,瑜伽垫,运动,475.65,2024-01-21 19:05:56,4,1902.6,北京,女,65,淘宝,2024,1,21,19
U2503,安若先,P83530,羽毛球拍,运动,867.43,2024-11-24 07:18:11,1,867.43,上海,男,39,淘宝,2024,11,24,7
U2188,蓝辉友,P70727,笔记本电脑,电子产品,4465.22,2024-04-28 14:37:20,1,4465.22,广州,男,36,淘宝,2024,4,28,14
U1369,尤刚,P14136,四件套,家居,3358.46,2024-04-23 07:47:31,3,10075.38,武汉,男,64,淘宝,2024,4,23,7
U3749,吕家,P28689,T恤,服装,463.22,2024-11-09 05:37:07,3,1389.66,杭州,女,57,淘宝,2024,11,9,5
U7054,钟进义,P22900,遥控车,玩具,533.82,2024-11-27 08:20:00,3,1601.46,北京,男,65,淘宝,2024,11,27,8
U8904,郝亨,P19282,卫衣,服装,577.6,2024-11-07 05:05:27,3,1732.8,杭州,男,28,淘宝,2024,11,7,5
U9681,钮安天,P28561,跳绳,运动,331.13,2024-09-25 02:56:50,3,993.39,武汉,女,64,淘宝,2024,9,25,2
U1138,夏永泰,P75757,充电宝,电子产品,2341.35,2024-12-16 08:30:01,2,4682.7,深圳,男,53,淘宝,2024,12,16,8
U5075,卢克,P66584,香水,美妆,233.94,2024-03-11 00:04:13,2,467.88,成都,男,30,淘宝,2024,3,11,0
U1883,苏昌亨,P20416,防晒霜,美妆,396.42,2024-04-13 11:42:28,5,1982.1,武汉,男,29,淘宝,2024,4,13,11
U6038,湛朗平,P64074,毛绒玩具,玩具,874.68,2024-03-20 17:18:15,1,874.68,成都,男,38,淘宝,2024,3,20,17
U9508,盛祥广,P11971,毛绒玩具,玩具,375.03,2024-03-27 03:07:43,4,1500.12,深圳,女,40,淘宝,2024,3,27,3
U8027,钱元,P45604,羽绒服,服装,359.47,2024-06-25 17:39:46,2,718.94,上海,女,41,淘宝,2024,6,25,17
U8949,骆言晨,P14032,粉底液,美妆,915.87,2024-01-31 06:55:45,3,2747.61,天津,女,61,淘宝,2024,1,31,6
U2676,王炎信,P59081,牛仔裤,服装,818.34,2024-09-10 16:43:46,4,3273.36,武汉,女,52,淘宝,2024,9,10,16
U9491,秦东,P98726,智能手机,电子产品,4478.16,2024-06-17 23:48:03,3,13434.48,杭州,女,49,淘宝,2024,6,17,23
U5675,华行,P34169,防晒霜,美妆,143.15,2024-01-17 01:09:01,2,286.3,苏州,男,56,淘宝,2024,1,17,1
U3615,郁友,P59947,跑步鞋,运动,298.26,2024-11-10 14:18:41,3,894.78,杭州,女,48,淘宝,2024,11,10,14
U9816,傅致俊,P30002,面霜,美妆,623.87,2024-12-19 11:07:44,3,1871.61,北京,男,44,淘宝,2024,12,19,11
U2647,包承浩,P37918,人物传记,书籍,744.37,2024-09-29 22:37:44,1,744.37,上海,男,28,淘宝,2024,9,29,22
U2381,华彪,P61809,芭比娃娃,玩具,28.49,2024-04-11 03:27:51,2,56.98,杭州,女,24,淘宝,2024,4,11,3
U8072,路风思,P47215,T恤,服装,585.61,2024-05-24 15:17:06,1,585.61,杭州,女,63,淘宝,2024,5,24,15
U3260,诸伯强,P18629,连衣裙,服装,427.09,2024-07-12 12:53:15,4,1708.36,杭州,女,34,淘宝,2024,7,12,12
U6387,熊邦,P87953,办公椅,家居,4214.73,2024-03-03 16:46:21,2,8429.46,广州,男,35,淘宝,2024,3,3,16
U9156,凤固友,P76304,防晒霜,美妆,491.02,2024-10-21 19:08:49,3,1473.06,西安,女,43,淘宝,2024,10,21,19
U3837,管友亨,P89031,篮球,运动,109.58,2024-01-07 01:46:23,3,328.74,广州,男,28,淘宝,2024,1,7,1
U2029,方亮友,P58598,洗发水,美妆,292.44,2024-05-20 19:25:24,3,877.32,武汉,男,35,淘宝,2024,5,20,19
U2765,钟昌,P91286,防晒霜,美妆,996.8,2024-10-23 02:09:27,4,3987.2,北京,女,21,淘宝,2024,10,23,2
U3134,许进建,P86792,香水,美妆,852.63,2024-04-30 08:16:04,3,2557.89,广州,男,19,淘宝,2024,4,30,8
U2885,路才,P24193,夹克,服装,480.29,2024-06-12 06:53:04,2,960.58,成都,男,58,淘宝,2024,6,12,6
U2109,邵兴亮,P34335,科幻小说,书籍,684.73,2024-10-24 03:53:51,1,684.73,南京,女,52,淘宝,2024,10,24,3
U7999,谢俊刚,P81546,充电宝,电子产品,9041.02,2024-08-30 13:38:07,4,36164.08,重庆,女,63,淘宝,2024,8,30,13
U3757,郑信,P51898,人物传记,书籍,935.82,2024-03-06 15:03:20,3,2807.46,重庆,男,59,淘宝,2024,3,6,15
U2058,吉涛,P31418,智能手表,电子产品,8603.78,2024-07-03 13:21:36,1,8603.78,杭州,男,61,淘宝,2024,7,3,13
U6878,邵武士,P62969,跳绳,运动,789.66,2024-07-13 22:53:15,5,3948.3,西安,男,30,淘宝,2024,7,13,22
U6775,梅建,P35678,四件套,家居,2620.39,2024-01-03 01:49:39,5,13101.95,西安,女,20,淘宝,2024,1,3,1
U7763,钱坚行,P48985,遥控车,玩具,383.73,2024-09-07 11:39:06,4,1534.92,重庆,女,60,淘宝,2024,9,7,11
U7851,项树波,P88075,时尚杂志,书籍,144.47,2024-10-06 22:20:54,5,722.35,上海,男,57,淘宝,2024,10,6,22
U7547,经信波,P76983,运动鞋,服装,148.27,2024-09-26 22:28:10,3,444.81,重庆,女,45,淘宝,2024,9,26,22
U5414,熊心,P26231,历史书籍,书籍,205.17,2024-03-28 10:58:39,1,205.17,重庆,女,63,淘宝,2024,3,28,10
U9912,昝信龙,P31276,智能手表,电子产品,8347.55,2024-03-15 03:54:52,5,41737.75,杭州,男,38,淘宝,2024,3,15,3
U4231,姚超心,P93554,口红,美妆,444.8,2024-03-27 12:45:34,3,1334.4,苏州,男,53,淘宝,2024,3,27,12
